set,row,tiles,chips,psnr,ssim,cpsnr,cn_psnr,cn_ssim,cn_lpips,edge_f1,grad_corr,lock_err,im_metric,om_metric,ha_metric,reflectance,spectral
inseason,s2colour,2800,117,16.73158,0.40741,20.40749,19.81804,0.44603,0.19318,0.6374,0.3436,0.01044,0.47217,0.28825,0.23958,0.0217,1.15182
inseason,arcgis_B+lock,2800,117,16.52848,0.34212,20.08397,19.36781,0.37407,0.27723,0.52773,0.30406,0.00058,0.41535,0.34725,0.2374,0.00733,0.76943
inseason,arcgis_B,2800,117,18.98604,0.45935,20.38832,20.14627,0.47287,0.18165,0.64222,0.35631,0.03593,0.51012,0.22561,0.26427,0.09502,4.72412
offseason,s2colour,2798,0,15.9469,0.3541,19.51149,18.80021,0.38171,0.22366,0.56611,0.28058,0.00981,,,,,
offseason,arcgis_B+lock,2798,0,15.90112,0.31041,19.42384,18.56908,0.33223,0.30174,0.47084,0.25488,0.0006,,,,,
offseason,arcgis_B,2798,0,17.73874,0.39043,19.2494,18.96543,0.40045,0.21419,0.56961,0.28777,0.03471,,,,,
inseason,s2colour - arcgis_B+lock,2800,117,0.20311,0.06529,0.32351,0.45023,0.07196,-0.08405,0.10966,0.03954,0.00985,0.05682,-0.059,0.00218,0.01437,0.38238
inseason,ci95 low,,,0.19094,0.06315,0.30646,0.43177,0.06999,-0.08551,0.10719,0.03822,0.00964,0.04954,-0.06693,-0.00176,0.01277,0.3347
inseason,ci95 high,,,0.21417,0.06765,0.33999,0.46664,0.07394,-0.08261,0.11239,0.04088,0.01006,0.0633,-0.05132,0.00685,0.01601,0.43309
