place,chip,date,dy_px,dx_px,offset_px
barmer_desert,91524_55820,2023-01-20,0.0,0.0,0.0
barmer_desert,91524_55820,2023-01-25,0.0,0.0,0.0
barmer_desert,91524_55820,2023-02-04,0.0,0.0,0.0
barmer_desert,91524_55820,2023-02-09,0.0,0.0,0.0
barmer_desert,91524_55820,2023-02-14,0.0,0.0,0.0
barmer_desert,91524_55820,2023-02-19,0.0,0.0,0.0
barmer_desert,91524_55820,2023-03-01,0.0,0.0,0.0
barmer_desert,91524_55820,2023-03-06,-0.02,-0.02,0.028
barmer_desert,91524_55828,2023-01-10,-0.02,0.0,0.02
barmer_desert,91524_55828,2023-01-20,0.0,0.0,0.0
barmer_desert,91524_55828,2023-01-25,0.0,0.0,0.0
barmer_desert,91524_55828,2023-02-04,0.0,0.0,0.0
barmer_desert,91524_55828,2023-02-09,0.0,0.0,0.0
barmer_desert,91524_55828,2023-02-14,0.0,0.0,0.0
barmer_desert,91524_55828,2023-02-19,0.0,0.0,0.0
barmer_desert,91524_55828,2023-03-01,0.02,0.0,0.02
barmer_desert,91536_55824,2025-12-10,-0.04,0.0,0.04
barmer_desert,91536_55824,2025-12-15,0.02,0.02,0.028
barmer_desert,91536_55824,2025-12-20,0.0,0.0,0.0
barmer_desert,91536_55824,2025-12-30,-0.02,0.0,0.02
barmer_desert,91536_55824,2026-01-04,0.02,0.0,0.02
barmer_desert,91536_55824,2026-01-09,-0.04,-0.02,0.045
barmer_desert,91536_55824,2026-01-14,0.04,0.0,0.04
barmer_desert,91536_55824,2026-01-19,0.02,0.02,0.028
barmer_desert,91536_55828,2025-12-10,-0.08,0.0,0.08
barmer_desert,91536_55828,2025-12-15,0.06,0.0,0.06
barmer_desert,91536_55828,2025-12-20,-0.02,0.0,0.02
barmer_desert,91536_55828,2025-12-30,-0.04,0.0,0.04
barmer_desert,91536_55828,2026-01-04,0.06,0.0,0.06
barmer_desert,91536_55828,2026-01-09,-0.06,-0.02,0.063
barmer_desert,91536_55828,2026-01-14,0.08,0.02,0.082
barmer_desert,91536_55828,2026-01-19,0.02,0.02,0.028
hyderabad_charminar,94100_59108,2025-11-08,-0.02,0.0,0.02
hyderabad_charminar,94100_59108,2025-11-13,-0.02,0.0,0.02
hyderabad_charminar,94100_59108,2025-11-18,0.1,0.02,0.102
hyderabad_charminar,94100_59108,2025-12-08,-0.04,0.0,0.04
hyderabad_charminar,94100_59108,2025-12-13,0.04,0.06,0.072
hyderabad_charminar,94100_59108,2025-12-18,0.0,0.02,0.02
hyderabad_charminar,94100_59108,2025-12-28,0.0,-0.08,0.08
hyderabad_charminar,94100_59108,2026-01-07,-0.04,-0.04,0.057
hyderabad_charminar,94100_59112,2025-11-08,-0.02,0.0,0.02
hyderabad_charminar,94100_59112,2025-11-13,0.0,0.0,0.0
hyderabad_charminar,94100_59112,2025-11-18,0.2,0.02,0.201
hyderabad_charminar,94100_59112,2025-12-08,-0.02,0.0,0.02
hyderabad_charminar,94100_59112,2025-12-13,0.08,0.08,0.113
hyderabad_charminar,94100_59112,2025-12-18,0.0,0.02,0.02
hyderabad_charminar,94100_59112,2025-12-28,0.0,-0.08,0.08
hyderabad_charminar,94100_59112,2026-01-07,-0.04,-0.02,0.045
hyderabad_charminar,94100_59116,2025-11-08,-0.02,0.0,0.02
hyderabad_charminar,94100_59116,2025-11-13,-0.02,0.0,0.02
hyderabad_charminar,94100_59116,2025-11-18,0.08,0.02,0.082
hyderabad_charminar,94100_59116,2025-12-08,-0.04,0.0,0.04
hyderabad_charminar,94100_59116,2025-12-13,0.04,0.04,0.057
hyderabad_charminar,94100_59116,2025-12-18,0.0,0.02,0.02
hyderabad_charminar,94100_59116,2025-12-28,0.02,-0.08,0.082
hyderabad_charminar,94100_59116,2026-01-07,-0.04,-0.04,0.057
hyderabad_charminar,94104_59112,2025-11-08,-0.02,0.0,0.02
hyderabad_charminar,94104_59112,2025-11-13,0.0,0.0,0.0
hyderabad_charminar,94104_59112,2025-11-18,0.08,0.0,0.08
hyderabad_charminar,94104_59112,2025-12-08,-0.02,0.0,0.02
hyderabad_charminar,94104_59112,2025-12-13,0.04,0.04,0.057
hyderabad_charminar,94104_59112,2025-12-18,0.0,0.0,0.0
hyderabad_charminar,94104_59112,2025-12-28,0.02,-0.06,0.063
hyderabad_charminar,94104_59112,2026-01-07,-0.04,-0.04,0.057
hyderabad_charminar,94104_59116,2025-11-08,-0.02,0.0,0.02
hyderabad_charminar,94104_59116,2025-11-13,0.0,0.0,0.0
hyderabad_charminar,94104_59116,2025-11-18,0.06,0.0,0.06
hyderabad_charminar,94104_59116,2025-12-08,-0.02,0.0,0.02
hyderabad_charminar,94104_59116,2025-12-13,0.04,0.04,0.057
hyderabad_charminar,94104_59116,2025-12-18,0.0,0.02,0.02
hyderabad_charminar,94104_59116,2025-12-28,0.02,-0.12,0.122
hyderabad_charminar,94104_59116,2026-01-07,-0.02,-0.02,0.028
hyderabad_charminar,94108_59108,2025-11-08,-0.02,0.0,0.02
hyderabad_charminar,94108_59108,2025-11-13,0.0,0.0,0.0
hyderabad_charminar,94108_59108,2025-11-18,0.04,0.0,0.04
hyderabad_charminar,94108_59108,2025-12-08,0.0,0.0,0.0
hyderabad_charminar,94108_59108,2025-12-13,0.02,0.02,0.028
hyderabad_charminar,94108_59108,2025-12-18,0.0,0.0,0.0
hyderabad_charminar,94108_59108,2025-12-28,0.0,-0.04,0.04
hyderabad_charminar,94108_59108,2026-01-07,-0.02,-0.02,0.028
hyderabad_charminar,94108_59112,2025-11-08,-0.02,0.0,0.02
hyderabad_charminar,94108_59112,2025-11-13,0.0,0.0,0.0
hyderabad_charminar,94108_59112,2025-11-18,0.06,0.0,0.06
hyderabad_charminar,94108_59112,2025-12-08,-0.02,0.0,0.02
hyderabad_charminar,94108_59112,2025-12-13,0.02,0.04,0.045
hyderabad_charminar,94108_59112,2025-12-18,0.0,0.02,0.02
hyderabad_charminar,94108_59112,2025-12-28,0.0,-0.06,0.06
hyderabad_charminar,94108_59112,2026-01-07,-0.02,-0.02,0.028
hyderabad_charminar,94108_59116,2025-11-08,-0.02,0.0,0.02
hyderabad_charminar,94108_59116,2025-11-13,0.0,0.0,0.0
hyderabad_charminar,94108_59116,2025-11-18,0.1,0.0,0.1
hyderabad_charminar,94108_59116,2025-12-08,-0.04,0.02,0.045
hyderabad_charminar,94108_59116,2025-12-13,0.04,0.06,0.072
hyderabad_charminar,94108_59116,2025-12-18,-0.02,0.04,0.045
hyderabad_charminar,94108_59116,2025-12-28,0.02,-0.08,0.082
hyderabad_charminar,94108_59116,2026-01-07,-0.04,-0.02,0.045
hyderabad_charminar,94112_59108,2025-11-08,-0.02,0.0,0.02
hyderabad_charminar,94112_59108,2025-11-13,0.0,-0.02,0.02
hyderabad_charminar,94112_59108,2025-11-18,0.06,0.0,0.06
hyderabad_charminar,94112_59108,2025-12-08,-0.02,0.0,0.02
hyderabad_charminar,94112_59108,2025-12-13,0.02,0.02,0.028
hyderabad_charminar,94112_59108,2025-12-18,0.0,0.02,0.02
hyderabad_charminar,94112_59108,2025-12-28,0.02,-0.04,0.045
hyderabad_charminar,94112_59108,2026-01-07,-0.02,-0.02,0.028
hyderabad_charminar,94112_59112,2025-11-08,-0.04,-0.02,0.045
hyderabad_charminar,94112_59112,2025-11-13,0.0,0.0,0.0
hyderabad_charminar,94112_59112,2025-11-18,0.1,0.0,0.1
hyderabad_charminar,94112_59112,2025-12-08,-0.04,0.0,0.04
hyderabad_charminar,94112_59112,2025-12-13,0.04,0.04,0.057
hyderabad_charminar,94112_59112,2025-12-18,0.0,0.0,0.0
hyderabad_charminar,94112_59112,2025-12-28,0.0,-0.08,0.08
hyderabad_charminar,94112_59112,2026-01-07,-0.06,-0.04,0.072
hyderabad_charminar,94112_59116,2025-11-08,0.0,0.0,0.0
hyderabad_charminar,94112_59116,2025-11-13,0.0,0.0,0.0
hyderabad_charminar,94112_59116,2025-11-18,0.08,0.0,0.08
hyderabad_charminar,94112_59116,2025-12-08,-0.04,0.0,0.04
hyderabad_charminar,94112_59116,2025-12-13,0.04,0.04,0.057
hyderabad_charminar,94112_59116,2025-12-18,-0.02,0.02,0.028
hyderabad_charminar,94112_59116,2025-12-28,0.0,-0.06,0.06
hyderabad_charminar,94112_59116,2026-01-07,-0.04,-0.02,0.045
lachung_sikkim,97844_55032,2025-11-19,-0.02,0.0,0.02
lachung_sikkim,97844_55032,2025-11-29,0.02,0.0,0.02
lachung_sikkim,97844_55032,2025-12-04,0.0,0.0,0.0
lachung_sikkim,97844_55032,2025-12-09,0.0,-0.02,0.02
lachung_sikkim,97844_55032,2025-12-19,0.0,0.0,0.0
lachung_sikkim,97844_55032,2026-01-13,0.0,0.02,0.02
lachung_sikkim,97844_55032,2026-01-18,-0.02,0.0,0.02
lachung_sikkim,97844_55032,2026-01-23,0.0,0.02,0.02
lachung_sikkim,97844_55036,2025-11-19,-0.02,0.0,0.02
lachung_sikkim,97844_55036,2025-11-29,0.02,-0.02,0.028
lachung_sikkim,97844_55036,2025-12-04,0.0,0.0,0.0
lachung_sikkim,97844_55036,2025-12-09,-0.02,-0.02,0.028
lachung_sikkim,97844_55036,2025-12-19,0.0,0.0,0.0
lachung_sikkim,97844_55036,2026-01-13,0.02,0.02,0.028
lachung_sikkim,97844_55036,2026-01-18,-0.02,0.0,0.02
lachung_sikkim,97844_55036,2026-01-23,0.0,0.0,0.0
lachung_sikkim,97844_55040,2024-12-04,0.02,0.02,0.028
lachung_sikkim,97844_55040,2024-12-14,-0.02,0.02,0.028
lachung_sikkim,97844_55040,2024-12-19,0.0,-0.04,0.04
lachung_sikkim,97844_55040,2024-12-24,0.04,0.04,0.057
lachung_sikkim,97844_55040,2025-01-03,0.0,0.02,0.02
lachung_sikkim,97844_55040,2025-01-18,-0.02,0.0,0.02
lachung_sikkim,97844_55040,2025-01-23,-0.04,0.02,0.045
lachung_sikkim,97844_55040,2025-02-07,-0.06,0.0,0.06
lachung_sikkim,97848_55036,2025-11-19,-0.02,0.0,0.02
lachung_sikkim,97848_55036,2025-11-29,0.02,0.0,0.02
lachung_sikkim,97848_55036,2025-12-04,0.0,0.0,0.0
lachung_sikkim,97848_55036,2025-12-09,0.0,-0.02,0.02
lachung_sikkim,97848_55036,2025-12-19,0.0,0.0,0.0
lachung_sikkim,97848_55036,2026-01-13,0.0,0.02,0.02
lachung_sikkim,97848_55036,2026-01-18,-0.02,0.0,0.02
lachung_sikkim,97848_55036,2026-01-23,0.02,0.02,0.028
lachung_sikkim,97848_55040,2024-12-04,0.0,0.0,0.0
lachung_sikkim,97848_55040,2024-12-14,0.0,0.0,0.0
lachung_sikkim,97848_55040,2024-12-19,0.0,-0.02,0.02
lachung_sikkim,97848_55040,2024-12-24,0.04,0.02,0.045
lachung_sikkim,97848_55040,2025-01-03,0.02,0.02,0.028
lachung_sikkim,97848_55040,2025-01-18,-0.02,0.0,0.02
lachung_sikkim,97848_55040,2025-01-23,-0.02,0.0,0.02
lachung_sikkim,97848_55040,2025-02-07,-0.08,-0.02,0.082
lachung_sikkim,97848_55044,2024-12-04,0.02,0.0,0.02
lachung_sikkim,97848_55044,2024-12-14,0.0,0.0,0.0
lachung_sikkim,97848_55044,2024-12-19,0.0,-0.02,0.02
lachung_sikkim,97848_55044,2024-12-24,0.02,0.02,0.028
lachung_sikkim,97848_55044,2025-01-03,0.0,0.02,0.02
lachung_sikkim,97848_55044,2025-01-18,-0.02,0.02,0.028
lachung_sikkim,97848_55044,2025-01-23,-0.02,0.02,0.028
lachung_sikkim,97848_55044,2025-02-07,-0.04,0.0,0.04
lachung_sikkim,97852_55040,2024-12-04,0.02,-0.02,0.028
lachung_sikkim,97852_55040,2024-12-14,0.0,0.0,0.0
lachung_sikkim,97852_55040,2024-12-19,0.0,-0.04,0.04
lachung_sikkim,97852_55040,2024-12-24,0.04,0.02,0.045
lachung_sikkim,97852_55040,2025-01-03,0.0,0.02,0.02
lachung_sikkim,97852_55040,2025-01-18,-0.02,0.02,0.028
lachung_sikkim,97852_55040,2025-01-23,-0.02,0.06,0.063
lachung_sikkim,97852_55040,2025-02-07,-0.06,0.06,0.085
shillong_hills,98984_55896,2023-10-18,-0.02,-0.02,0.028
shillong_hills,98984_55896,2023-11-02,-0.02,0.0,0.02
shillong_hills,98984_55896,2023-11-12,0.0,0.0,0.0
shillong_hills,98984_55896,2023-12-17,0.0,0.0,0.0
shillong_hills,98984_55896,2023-12-22,0.0,0.0,0.0
shillong_hills,98984_55896,2024-01-06,-0.02,0.0,0.02
shillong_hills,98984_55896,2024-01-11,0.0,0.0,0.0
shillong_hills,98984_55896,2024-01-21,0.02,0.0,0.02
shillong_hills,98984_55900,2023-10-18,0.0,-0.02,0.02
shillong_hills,98984_55900,2023-11-02,-0.02,0.0,0.02
shillong_hills,98984_55900,2023-11-12,0.0,0.0,0.0
shillong_hills,98984_55900,2023-12-17,0.0,0.0,0.0
shillong_hills,98984_55900,2023-12-22,0.0,0.0,0.0
shillong_hills,98984_55900,2024-01-06,-0.02,0.0,0.02
shillong_hills,98984_55900,2024-01-11,0.0,0.02,0.02
shillong_hills,98984_55900,2024-01-21,0.02,0.02,0.028
shillong_hills,98988_55888,2023-10-18,0.0,-0.02,0.02
shillong_hills,98988_55888,2023-11-02,0.0,0.0,0.0
shillong_hills,98988_55888,2023-11-12,0.0,0.0,0.0
shillong_hills,98988_55888,2023-12-17,0.0,0.0,0.0
shillong_hills,98988_55888,2023-12-22,0.0,0.0,0.0
shillong_hills,98988_55888,2024-01-06,0.0,0.0,0.0
shillong_hills,98988_55888,2024-01-11,0.0,0.02,0.02
shillong_hills,98988_55888,2024-01-21,0.02,0.0,0.02
shillong_hills,98988_55892,2023-10-18,-0.02,-0.02,0.028
shillong_hills,98988_55892,2023-11-02,0.0,0.0,0.0
shillong_hills,98988_55892,2023-11-12,0.0,0.0,0.0
shillong_hills,98988_55892,2023-12-17,0.02,0.0,0.02
shillong_hills,98988_55892,2023-12-22,0.0,-0.02,0.02
shillong_hills,98988_55892,2024-01-06,-0.02,-0.02,0.028
shillong_hills,98988_55892,2024-01-11,0.0,0.02,0.02
shillong_hills,98988_55892,2024-01-21,0.02,0.02,0.028
shillong_hills,98988_55896,2023-10-18,0.0,-0.02,0.02
shillong_hills,98988_55896,2023-11-02,0.0,0.0,0.0
shillong_hills,98988_55896,2023-11-12,0.0,0.0,0.0
shillong_hills,98988_55896,2023-12-17,0.0,0.0,0.0
shillong_hills,98988_55896,2023-12-22,0.0,-0.02,0.02
shillong_hills,98988_55896,2024-01-06,-0.02,0.0,0.02
shillong_hills,98988_55896,2024-01-11,0.0,0.0,0.0
shillong_hills,98988_55896,2024-01-21,0.0,0.0,0.0
shillong_hills,98988_55900,2023-10-18,0.0,-0.02,0.02
shillong_hills,98988_55900,2023-11-02,0.0,0.0,0.0
shillong_hills,98988_55900,2023-11-12,0.0,0.0,0.0
shillong_hills,98988_55900,2023-12-17,0.0,0.0,0.0
shillong_hills,98988_55900,2023-12-22,0.0,-0.02,0.02
shillong_hills,98988_55900,2024-01-06,-0.02,-0.02,0.028
shillong_hills,98988_55900,2024-01-11,-0.02,0.02,0.028
shillong_hills,98988_55900,2024-01-21,0.04,0.02,0.045
shillong_hills,98988_55904,2023-10-18,-0.02,-0.04,0.045
shillong_hills,98988_55904,2023-11-02,0.0,0.0,0.0
shillong_hills,98988_55904,2023-11-12,0.02,0.0,0.02
shillong_hills,98988_55904,2023-12-17,0.0,0.0,0.0
shillong_hills,98988_55904,2023-12-22,0.0,-0.04,0.04
shillong_hills,98988_55904,2024-01-06,-0.04,-0.02,0.045
shillong_hills,98988_55904,2024-01-11,0.0,0.02,0.02
shillong_hills,98988_55904,2024-01-21,0.02,0.0,0.02
shillong_hills,98992_55900,2023-09-28,-0.02,-0.02,0.028
shillong_hills,98992_55900,2023-11-02,-0.02,0.0,0.02
shillong_hills,98992_55900,2023-11-12,0.0,0.0,0.0
shillong_hills,98992_55900,2023-12-17,0.0,0.02,0.02
shillong_hills,98992_55900,2023-12-22,0.0,-0.02,0.02
shillong_hills,98992_55900,2024-01-06,-0.02,0.0,0.02
shillong_hills,98992_55900,2024-01-11,0.0,0.02,0.02
shillong_hills,98992_55900,2024-01-21,0.04,0.02,0.045
shillong_hills,98992_55904,2023-10-18,-0.02,-0.02,0.028
shillong_hills,98992_55904,2023-11-02,0.0,0.0,0.0
shillong_hills,98992_55904,2023-11-12,0.0,0.0,0.0
shillong_hills,98992_55904,2023-12-17,0.02,0.0,0.02
shillong_hills,98992_55904,2023-12-22,0.02,-0.02,0.028
shillong_hills,98992_55904,2024-01-06,-0.02,0.0,0.02
shillong_hills,98992_55904,2024-01-11,0.0,0.04,0.04
shillong_hills,98992_55904,2024-01-21,0.02,0.02,0.028
thanjavur_paddy,94344_61584,2025-05-04,0.02,-0.02,0.028
thanjavur_paddy,94344_61584,2025-05-09,-0.02,0.0,0.02
thanjavur_paddy,94344_61584,2025-06-08,0.1,0.0,0.1
thanjavur_paddy,94344_61584,2025-07-30,-0.02,0.0,0.02
thanjavur_paddy,94344_61584,2025-08-19,-0.02,0.0,0.02
thanjavur_paddy,94344_61584,2025-10-06,-0.02,0.02,0.028
thanjavur_paddy,94344_61584,2025-10-11,-0.06,-0.02,0.063
thanjavur_paddy,94344_61584,2025-11-10,-0.06,0.0,0.06
thanjavur_paddy,94348_61588,2025-05-04,0.02,-0.02,0.028
thanjavur_paddy,94348_61588,2025-05-09,0.0,0.02,0.02
thanjavur_paddy,94348_61588,2025-06-08,0.06,0.0,0.06
thanjavur_paddy,94348_61588,2025-07-30,0.0,0.0,0.0
thanjavur_paddy,94348_61588,2025-08-19,-0.02,0.02,0.028
thanjavur_paddy,94348_61588,2025-10-06,0.0,0.02,0.02
thanjavur_paddy,94348_61588,2025-10-11,-0.02,-0.02,0.028
thanjavur_paddy,94348_61588,2025-11-10,-0.02,0.02,0.028
thanjavur_paddy,94348_61592,2025-05-04,0.02,-0.02,0.028
thanjavur_paddy,94348_61592,2025-05-09,0.0,0.0,0.0
thanjavur_paddy,94348_61592,2025-06-08,0.1,0.0,0.1
thanjavur_paddy,94348_61592,2025-07-30,0.0,0.0,0.0
thanjavur_paddy,94348_61592,2025-08-19,-0.02,0.02,0.028
thanjavur_paddy,94348_61592,2025-10-06,-0.02,0.02,0.028
thanjavur_paddy,94348_61592,2025-10-11,-0.04,-0.02,0.045
thanjavur_paddy,94348_61592,2025-11-10,-0.04,0.02,0.045
wayanad_forest,93244_61248,2023-02-15,0.0,0.0,0.0
wayanad_forest,93244_61248,2023-02-20,0.0,0.0,0.0
wayanad_forest,93244_61248,2023-02-25,-0.02,-0.02,0.028
wayanad_forest,93244_61248,2023-03-02,0.02,0.02,0.028
wayanad_forest,93244_61248,2023-03-12,-0.02,0.0,0.02
wayanad_forest,93244_61248,2023-03-17,0.02,-0.02,0.028
wayanad_forest,93244_61248,2023-03-22,0.0,0.0,0.0
wayanad_forest,93244_61248,2023-04-01,0.0,0.0,0.0
wayanad_forest,93244_61252,2023-02-15,0.0,0.0,0.0
wayanad_forest,93244_61252,2023-02-20,0.0,0.0,0.0
wayanad_forest,93244_61252,2023-02-25,-0.02,0.0,0.02
wayanad_forest,93244_61252,2023-03-02,0.02,0.02,0.028
wayanad_forest,93244_61252,2023-03-12,-0.02,0.0,0.02
wayanad_forest,93244_61252,2023-03-17,0.0,-0.02,0.02
wayanad_forest,93244_61252,2023-03-22,0.0,0.0,0.0
wayanad_forest,93244_61252,2023-04-01,0.0,0.0,0.0
wayanad_forest,93252_61240,2025-02-04,0.04,-0.04,0.057
wayanad_forest,93252_61240,2025-02-09,0.02,0.02,0.028
wayanad_forest,93252_61240,2025-02-14,0.02,-0.02,0.028
wayanad_forest,93252_61240,2025-02-19,-0.04,0.02,0.045
wayanad_forest,93252_61240,2025-02-24,-0.04,-0.02,0.045
wayanad_forest,93252_61240,2025-03-06,-0.02,0.0,0.02
wayanad_forest,93252_61240,2025-03-11,0.0,0.02,0.02
wayanad_forest,93252_61240,2025-03-31,0.02,0.04,0.045
wayanad_forest,93252_61252,2025-02-04,0.0,-0.02,0.02
wayanad_forest,93252_61252,2025-02-09,0.0,0.02,0.02
wayanad_forest,93252_61252,2025-02-14,0.0,0.0,0.0
wayanad_forest,93252_61252,2025-02-19,0.0,0.0,0.0
wayanad_forest,93252_61252,2025-02-24,0.0,0.0,0.0
wayanad_forest,93252_61252,2025-03-06,0.0,0.0,0.0
wayanad_forest,93252_61252,2025-03-11,0.02,0.0,0.02
wayanad_forest,93252_61252,2025-03-31,0.02,0.02,0.028
wayanad_forest,93252_61256,2025-02-04,0.0,-0.02,0.02
wayanad_forest,93252_61256,2025-02-09,0.0,0.0,0.0
wayanad_forest,93252_61256,2025-02-14,0.0,0.0,0.0
wayanad_forest,93252_61256,2025-02-19,0.0,0.02,0.02
wayanad_forest,93252_61256,2025-02-24,0.0,0.0,0.0
wayanad_forest,93252_61256,2025-03-06,0.0,0.0,0.0
wayanad_forest,93252_61256,2025-03-11,0.02,0.02,0.028
wayanad_forest,93252_61256,2025-03-31,0.02,0.04,0.045
