place,model,opensr_spatial,raw_dy,raw_dx,blur_dy,blur_dx,vs_ref_dy,vs_ref_dx
hyderabad_charminar,control_bicubic+ref_detail,0.1612,0.14,-0.08,0.0,-0.02,0.0,0.0
hyderabad_charminar,bicubic_8date,0.0,0.0,0.0,0.0,0.0,-0.03,0.005
hyderabad_charminar,arcgis_B,0.3046,0.28,0.12,0.02,0.0,0.02,0.065
hyderabad_charminar,s2colour,0.2608,0.22,0.14,0.0,0.0,-0.01,0.42
hyderabad_charminar,control_bicubic+ref_detail,0.1281,0.1,-0.08,0.02,-0.02,0.0,0.0
hyderabad_charminar,bicubic_8date,0.0,0.0,0.0,0.0,0.0,-0.01,0.01
hyderabad_charminar,arcgis_B,0.26,0.26,0.0,0.02,0.0,0.035,0.025
hyderabad_charminar,s2colour,0.2341,0.22,0.08,0.0,0.0,0.035,0.05
hyderabad_charminar,control_bicubic+ref_detail,0.1697,0.12,-0.12,0.0,0.0,0.0,0.0
hyderabad_charminar,bicubic_8date,0.0,0.0,0.0,0.0,0.0,0.005,-0.01
hyderabad_charminar,arcgis_B,0.3418,0.32,0.12,0.04,0.02,0.02,0.07
hyderabad_charminar,s2colour,0.2506,0.22,0.12,0.04,0.0,-0.005,0.445
hyderabad_charminar,control_bicubic+ref_detail,0.12,0.12,0.0,0.02,0.0,0.0,0.0
hyderabad_charminar,bicubic_8date,0.0,0.0,0.0,0.0,0.0,-0.035,-0.005
hyderabad_charminar,arcgis_B,0.313,0.28,0.14,0.04,0.02,0.045,0.04
hyderabad_charminar,s2colour,0.2163,0.18,0.12,0.0,0.0,0.0,0.04
hyderabad_charminar,control_bicubic+ref_detail,0.1612,0.16,-0.02,0.0,0.0,0.0,0.0
hyderabad_charminar,bicubic_8date,0.0,0.0,0.0,0.0,0.0,-0.025,0.02
hyderabad_charminar,arcgis_B,0.3105,0.3,0.08,0.02,0.0,0.01,0.03
hyderabad_charminar,s2colour,0.2154,0.2,0.08,0.0,0.0,0.01,0.025
hyderabad_charminar,control_bicubic+ref_detail,0.1217,0.12,-0.02,0.0,0.0,0.0,0.0
hyderabad_charminar,bicubic_8date,0.0,0.0,0.0,0.0,0.0,-0.01,-0.005
hyderabad_charminar,arcgis_B,0.3162,0.3,0.1,0.0,0.0,0.025,0.025
hyderabad_charminar,s2colour,0.2236,0.2,0.1,0.0,0.0,0.01,0.03
hyderabad_charminar,control_bicubic+ref_detail,0.1265,0.12,-0.04,0.0,-0.02,0.0,0.0
hyderabad_charminar,bicubic_8date,0.0,0.0,0.0,0.0,0.0,-0.035,0.01
hyderabad_charminar,arcgis_B,0.365,0.36,0.06,0.04,0.0,0.08,-0.01
hyderabad_charminar,s2colour,0.26,0.24,0.1,0.0,0.0,0.055,0.04
hyderabad_charminar,control_bicubic+ref_detail,0.1077,0.1,0.04,0.0,0.0,0.0,0.0
hyderabad_charminar,bicubic_8date,0.0,0.0,0.0,0.0,0.0,-0.025,0.02
hyderabad_charminar,arcgis_B,0.2973,0.28,0.1,0.02,0.0,0.015,0.01
hyderabad_charminar,s2colour,0.2332,0.2,0.12,0.0,0.0,-0.015,0.015
hyderabad_charminar,control_bicubic+ref_detail,0.12,0.12,0.0,0.0,0.0,0.0,0.0
hyderabad_charminar,bicubic_8date,0.0,0.0,0.0,0.0,0.0,-0.005,-0.005
hyderabad_charminar,arcgis_B,0.3162,0.3,0.1,0.02,0.0,0.02,0.015
hyderabad_charminar,s2colour,0.2417,0.22,0.1,0.0,0.0,-0.03,0.05
hyderabad_charminar,control_bicubic+ref_detail,0.102,0.1,-0.02,0.02,0.0,0.0,0.0
hyderabad_charminar,bicubic_8date,0.0,0.0,0.0,0.0,0.0,0.005,0.01
hyderabad_charminar,arcgis_B,0.3105,0.3,0.08,0.02,0.02,0.025,0.035
hyderabad_charminar,s2colour,0.2506,0.22,0.12,0.02,0.02,-0.01,0.05
hyderabad_charminar,control_bicubic+ref_detail,0.1265,0.12,-0.04,0.02,-0.02,0.0,0.0
hyderabad_charminar,bicubic_8date,0.0,0.0,0.0,0.0,0.0,-0.015,0.0
hyderabad_charminar,arcgis_B,0.3453,0.34,0.06,0.04,0.0,0.015,0.06
hyderabad_charminar,s2colour,0.2506,0.22,0.12,0.02,0.0,0.01,0.095
hyderabad_charminar,control_bicubic+ref_detail,0.1414,0.14,0.02,0.0,0.02,0.0,0.0
hyderabad_charminar,bicubic_8date,0.0,0.0,0.0,0.0,0.0,-0.01,0.01
hyderabad_charminar,arcgis_B,0.3046,0.28,0.12,0.02,0.02,0.025,0.01
hyderabad_charminar,s2colour,0.2236,0.2,0.1,0.0,0.02,0.015,0.03
hyderabad_charminar,control_bicubic+ref_detail,0.1414,0.14,-0.02,0.02,0.0,0.0,0.0
hyderabad_charminar,bicubic_8date,0.0,0.0,0.0,0.0,0.0,-0.01,0.015
hyderabad_charminar,arcgis_B,0.3863,0.36,0.14,0.04,0.02,0.04,0.065
hyderabad_charminar,s2colour,0.2953,0.26,0.14,0.0,0.0,0.01,0.06
hyderabad_charminar,control_bicubic+ref_detail,0.1442,0.12,-0.08,0.0,0.0,0.0,0.0
hyderabad_charminar,bicubic_8date,0.0,0.0,0.0,0.0,0.0,-0.005,0.01
hyderabad_charminar,arcgis_B,0.3985,0.38,0.12,0.04,0.02,0.045,0.045
hyderabad_charminar,s2colour,0.2953,0.26,0.14,0.0,0.0,0.035,0.48
hyderabad_charminar,control_bicubic+ref_detail,0.1523,0.14,-0.06,0.02,0.0,0.0,0.0
hyderabad_charminar,bicubic_8date,0.0,0.0,0.0,0.0,0.0,-0.03,0.04
hyderabad_charminar,arcgis_B,0.3795,0.36,0.12,0.04,0.0,0.05,0.095
hyderabad_charminar,s2colour,0.2778,0.24,0.14,0.02,0.0,0.025,0.46
varanasi_ghats,control_bicubic+ref_detail,0.0283,-0.02,-0.02,0.0,0.0,0.0,0.0
varanasi_ghats,bicubic_8date,0.0,0.0,0.0,0.0,0.0,0.02,0.005
varanasi_ghats,arcgis_B,0.102,0.1,0.02,0.14,0.1,0.01,0.01
varanasi_ghats,s2colour,0.0894,0.08,0.04,0.0,-0.02,0.025,0.04
varanasi_ghats,control_bicubic+ref_detail,0.0447,-0.02,-0.04,0.0,-0.14,0.0,0.0
varanasi_ghats,bicubic_8date,0.02,-0.02,0.0,0.0,0.0,-0.015,0.015
varanasi_ghats,arcgis_B,0.08,0.08,0.0,0.26,-0.08,0.0,0.01
varanasi_ghats,s2colour,0.0825,0.08,0.02,0.02,-0.12,0.03,0.055
varanasi_ghats,control_bicubic+ref_detail,0.0447,-0.02,-0.04,0.0,0.0,0.0,0.0
varanasi_ghats,bicubic_8date,0.0,0.0,0.0,0.0,0.0,0.02,0.015
varanasi_ghats,arcgis_B,0.0632,0.06,0.02,0.02,0.0,0.04,0.0
varanasi_ghats,s2colour,0.0632,0.06,0.02,0.0,0.0,-0.025,0.0
varanasi_ghats,control_bicubic+ref_detail,0.0447,-0.02,-0.04,0.0,0.02,0.0,0.0
varanasi_ghats,bicubic_8date,0.0,0.0,0.0,0.0,0.0,-0.005,0.035
varanasi_ghats,arcgis_B,0.0721,0.06,0.04,0.0,0.02,-0.005,0.025
varanasi_ghats,s2colour,0.0447,0.04,0.02,0.0,0.0,0.035,-0.04
varanasi_ghats,control_bicubic+ref_detail,0.0447,0.04,-0.02,0.04,-0.06,0.0,0.0
varanasi_ghats,bicubic_8date,0.02,-0.02,0.0,0.0,0.0,-0.02,-0.01
varanasi_ghats,arcgis_B,0.1217,0.12,0.02,0.04,0.0,0.01,0.0
varanasi_ghats,s2colour,0.1077,0.1,0.04,0.0,0.0,0.01,-0.015
varanasi_ghats,control_bicubic+ref_detail,0.0632,-0.02,0.06,0.02,0.0,0.0,0.0
varanasi_ghats,bicubic_8date,0.0,0.0,0.0,0.0,0.0,-0.01,-0.01
varanasi_ghats,arcgis_B,0.0447,0.04,0.02,0.0,0.0,-0.01,0.005
varanasi_ghats,s2colour,0.0721,0.06,0.04,0.0,0.02,0.02,-0.085
varanasi_ghats,control_bicubic+ref_detail,0.0,0.0,0.0,0.18,-0.04,0.0,0.0
varanasi_ghats,bicubic_8date,0.0,0.0,0.0,0.0,0.0,-0.005,-0.025
varanasi_ghats,arcgis_B,0.06,0.06,0.0,0.88,0.0,0.03,-0.01
varanasi_ghats,s2colour,0.0632,0.06,0.02,0.02,0.02,0.15,0.045
varanasi_ghats,control_bicubic+ref_detail,0.0566,-0.04,0.04,0.0,0.0,0.0,0.0
varanasi_ghats,bicubic_8date,0.0,0.0,0.0,0.0,0.0,-0.04,-0.025
varanasi_ghats,arcgis_B,0.0283,0.02,0.02,0.0,0.0,0.015,-0.015
varanasi_ghats,s2colour,0.0283,0.02,0.02,0.0,0.0,0.055,-0.075
varanasi_ghats,control_bicubic+ref_detail,0.02,0.0,0.02,0.0,-0.02,0.0,0.0
varanasi_ghats,bicubic_8date,0.0,0.0,0.0,0.0,0.0,0.005,0.0
varanasi_ghats,arcgis_B,0.0849,0.06,0.06,0.0,-0.02,0.01,-0.015
varanasi_ghats,s2colour,0.1,0.08,0.06,0.0,-0.02,0.035,-0.005
varanasi_ghats,control_bicubic+ref_detail,0.0447,0.04,-0.02,-0.02,0.0,0.0,0.0
varanasi_ghats,bicubic_8date,0.0,0.0,0.0,0.0,0.0,0.0,-0.01
varanasi_ghats,arcgis_B,0.1,0.08,0.06,0.0,0.0,0.0,0.005
varanasi_ghats,s2colour,0.0632,0.06,0.02,0.0,0.0,-0.005,0.04
varanasi_ghats,control_bicubic+ref_detail,0.0721,0.04,-0.06,0.02,-0.02,0.0,0.0
varanasi_ghats,bicubic_8date,0.0,0.0,0.0,0.0,0.0,-0.02,0.015
varanasi_ghats,arcgis_B,0.102,0.1,0.02,0.02,0.0,-0.01,0.005
varanasi_ghats,s2colour,0.0632,0.06,0.02,0.02,0.0,0.035,0.0
varanasi_ghats,control_bicubic+ref_detail,0.0283,0.02,-0.02,0.0,0.0,0.0,0.0
varanasi_ghats,bicubic_8date,0.0,0.0,0.0,0.0,0.0,0.005,0.005
varanasi_ghats,arcgis_B,0.02,0.02,0.0,0.0,0.0,0.015,0.005
varanasi_ghats,s2colour,0.02,0.02,0.0,0.0,0.0,-0.03,0.015
varanasi_ghats,control_bicubic+ref_detail,0.1217,0.12,0.02,0.02,0.02,0.0,0.0
varanasi_ghats,bicubic_8date,0.0,0.0,0.0,0.0,0.0,0.0,-0.01
varanasi_ghats,arcgis_B,0.102,0.1,0.02,0.0,0.0,-0.005,0.005
varanasi_ghats,s2colour,0.102,0.1,0.02,0.0,0.0,-0.01,0.01
varanasi_ghats,control_bicubic+ref_detail,0.0825,0.08,0.02,0.0,0.0,0.0,0.0
varanasi_ghats,bicubic_8date,0.0,0.0,0.0,0.0,0.0,-0.005,0.0
varanasi_ghats,arcgis_B,0.0825,0.08,0.02,0.0,0.0,-0.01,-0.005
varanasi_ghats,s2colour,0.0632,0.06,0.02,0.0,0.0,0.02,0.01
varanasi_ghats,control_bicubic+ref_detail,0.0566,0.04,0.04,0.0,0.0,0.0,0.0
varanasi_ghats,bicubic_8date,0.0,0.0,0.0,0.0,0.0,0.0,0.005
varanasi_ghats,arcgis_B,0.0825,0.08,0.02,0.0,0.0,-0.005,-0.015
varanasi_ghats,s2colour,0.0632,0.06,0.02,0.0,0.0,-0.01,-0.02
varanasi_ghats,control_bicubic+ref_detail,0.0566,0.04,0.04,0.0,0.0,0.0,0.0
varanasi_ghats,bicubic_8date,0.0,0.0,0.0,0.0,0.0,0.0,0.005
varanasi_ghats,arcgis_B,0.16,0.16,0.0,0.0,0.0,0.005,-0.025
varanasi_ghats,s2colour,0.0894,0.08,0.04,0.0,0.0,0.015,-0.01
varanasi_ghats,control_bicubic+ref_detail,0.1,0.06,0.08,0.04,0.02,0.0,0.0
varanasi_ghats,bicubic_8date,0.0,0.0,0.0,0.0,0.0,0.0,-0.01
varanasi_ghats,arcgis_B,0.1456,0.14,0.04,0.04,-0.04,-0.025,-0.04
varanasi_ghats,s2colour,0.1077,0.1,0.04,0.0,0.0,-0.005,-0.025
thanjavur_paddy,control_bicubic+ref_detail,0.1131,0.08,-0.08,0.0,0.0,0.0,0.0
thanjavur_paddy,bicubic_8date,0.02,-0.02,0.0,0.0,0.0,-0.01,0.09
thanjavur_paddy,arcgis_B,0.0632,0.06,0.02,0.0,0.0,-0.035,0.075
thanjavur_paddy,s2colour,0.0721,0.04,0.06,0.0,0.0,-0.01,0.105
thanjavur_paddy,control_bicubic+ref_detail,0.1789,0.16,-0.08,0.0,0.0,0.0,0.0
thanjavur_paddy,bicubic_8date,0.0,0.0,0.0,0.0,0.0,-0.015,0.0
thanjavur_paddy,arcgis_B,0.1709,0.16,-0.06,0.02,0.0,-0.03,0.015
thanjavur_paddy,s2colour,0.1265,0.12,0.04,0.0,0.0,-0.035,0.045
thanjavur_paddy,control_bicubic+ref_detail,0.1709,0.16,-0.06,0.02,0.0,0.0,0.0
thanjavur_paddy,bicubic_8date,0.0,0.0,0.0,0.0,0.0,-0.015,0.0
thanjavur_paddy,arcgis_B,0.2209,0.22,0.02,0.18,0.02,-0.015,0.045
thanjavur_paddy,s2colour,0.1342,0.12,0.06,0.0,0.02,-0.035,0.04
thanjavur_paddy,control_bicubic+ref_detail,0.1217,0.12,-0.02,0.02,0.0,0.0,0.0
thanjavur_paddy,bicubic_8date,0.0,0.0,0.0,0.0,0.0,0.01,0.0
thanjavur_paddy,arcgis_B,0.1,-0.06,-0.08,0.0,0.0,-0.085,0.0
thanjavur_paddy,s2colour,0.02,0.02,0.0,0.0,0.0,-0.07,0.01
thanjavur_paddy,control_bicubic+ref_detail,0.08,0.08,0.0,0.0,0.0,0.0,0.0
thanjavur_paddy,bicubic_8date,0.0,0.0,0.0,0.0,0.0,0.005,0.01
thanjavur_paddy,arcgis_B,0.02,0.02,0.0,0.0,0.0,-0.065,0.0
thanjavur_paddy,s2colour,0.0825,0.08,0.02,0.0,0.0,-0.025,0.04
thanjavur_paddy,control_bicubic+ref_detail,0.16,0.16,0.0,0.0,0.0,0.0,0.0
thanjavur_paddy,bicubic_8date,0.0,0.0,0.0,0.0,0.0,-0.005,-0.01
thanjavur_paddy,arcgis_B,0.201,0.2,-0.02,0.02,0.0,-0.025,-0.005
thanjavur_paddy,s2colour,0.1265,0.12,0.04,0.0,0.0,-0.035,0.035
thanjavur_paddy,control_bicubic+ref_detail,0.14,0.14,0.0,0.0,0.0,0.0,0.0
thanjavur_paddy,bicubic_8date,0.0,0.0,0.0,0.0,0.0,-0.015,0.0
thanjavur_paddy,arcgis_B,0.2088,0.2,0.06,0.02,0.0,0.0,0.01
thanjavur_paddy,s2colour,0.1,0.08,0.06,0.0,0.0,-0.045,0.03
thanjavur_paddy,control_bicubic+ref_detail,0.12,0.12,0.0,0.16,-0.06,0.0,0.0
thanjavur_paddy,bicubic_8date,0.0,0.0,0.0,0.0,0.0,-0.04,-0.015
thanjavur_paddy,arcgis_B,0.201,0.2,0.02,0.64,0.0,0.0,0.005
thanjavur_paddy,s2colour,0.0894,0.08,0.04,0.02,0.0,0.0,0.02
thanjavur_paddy,control_bicubic+ref_detail,0.1265,0.12,-0.04,0.0,0.0,0.0,0.0
thanjavur_paddy,bicubic_8date,0.0,0.0,0.0,0.0,0.0,-0.01,-0.025
thanjavur_paddy,arcgis_B,0.1217,0.12,0.02,0.0,0.0,-0.03,0.045
thanjavur_paddy,s2colour,0.1265,0.12,0.04,0.0,0.0,-0.02,0.055
thanjavur_paddy,control_bicubic+ref_detail,0.102,0.1,-0.02,0.0,0.0,0.0,0.0
thanjavur_paddy,bicubic_8date,0.0,0.0,0.0,0.0,0.0,0.0,-0.005
thanjavur_paddy,arcgis_B,0.0447,-0.02,0.04,-0.02,0.0,-0.045,0.045
thanjavur_paddy,s2colour,0.1,0.08,0.06,0.0,0.0,-0.01,0.055
thanjavur_paddy,control_bicubic+ref_detail,0.1217,0.12,-0.02,0.0,0.0,0.0,0.0
thanjavur_paddy,bicubic_8date,0.0,0.0,0.0,0.0,0.0,-0.015,0.015
thanjavur_paddy,arcgis_B,0.102,0.1,0.02,0.0,0.0,-0.035,0.02
thanjavur_paddy,s2colour,0.1,0.08,0.06,0.0,0.0,-0.025,0.035
thanjavur_paddy,control_bicubic+ref_detail,0.1217,0.12,-0.02,0.08,-0.02,0.0,0.0
thanjavur_paddy,bicubic_8date,0.0,0.0,0.0,0.0,0.0,-0.015,0.005
thanjavur_paddy,arcgis_B,0.1709,0.16,0.06,0.48,0.02,-0.01,0.07
thanjavur_paddy,s2colour,0.1166,0.1,0.06,0.0,0.0,-0.03,0.06
thanjavur_paddy,control_bicubic+ref_detail,0.1456,0.14,-0.04,0.08,-0.06,0.0,0.0
thanjavur_paddy,bicubic_8date,0.0,0.0,0.0,0.0,0.0,-0.015,0.005
thanjavur_paddy,arcgis_B,0.2608,0.26,-0.02,0.2,-0.04,0.015,-0.005
thanjavur_paddy,s2colour,0.1709,0.16,0.06,0.08,-0.02,-0.01,0.02
thanjavur_paddy,control_bicubic+ref_detail,0.1,0.1,0.0,0.0,0.0,0.0,0.0
thanjavur_paddy,bicubic_8date,0.0,0.0,0.0,0.0,0.0,-0.035,0.005
thanjavur_paddy,arcgis_B,0.1166,0.06,-0.1,0.0,-0.02,-0.045,-0.06
thanjavur_paddy,s2colour,0.04,0.04,0.0,0.0,0.0,-0.055,0.02
thanjavur_paddy,control_bicubic+ref_detail,0.102,0.1,-0.02,0.0,0.0,0.0,0.0
thanjavur_paddy,bicubic_8date,0.0,0.0,0.0,0.0,0.0,-0.015,0.01
thanjavur_paddy,arcgis_B,0.0721,0.04,0.06,0.0,0.0,-0.035,0.04
thanjavur_paddy,s2colour,0.0894,0.08,0.04,0.0,0.0,0.005,0.055
thanjavur_paddy,control_bicubic+ref_detail,0.1456,0.14,-0.04,0.0,0.0,0.0,0.0
thanjavur_paddy,bicubic_8date,0.0,0.0,0.0,0.0,0.0,-0.025,0.015
thanjavur_paddy,arcgis_B,0.0447,0.04,0.02,0.02,0.0,-0.015,0.055
thanjavur_paddy,s2colour,0.0849,0.06,0.06,0.0,0.0,-0.03,0.03
thanjavur_paddy,control_bicubic+ref_detail,0.1456,0.14,-0.04,0.0,0.0,0.0,0.0
thanjavur_paddy,bicubic_8date,0.0,0.0,0.0,0.0,0.0,-0.015,0.02
thanjavur_paddy,arcgis_B,0.0825,0.08,-0.02,0.0,0.0,-0.05,0.03
thanjavur_paddy,s2colour,0.1077,0.1,0.04,0.0,0.0,-0.04,0.045
thanjavur_paddy,control_bicubic+ref_detail,0.1077,0.1,-0.04,0.02,0.0,0.0,0.0
thanjavur_paddy,bicubic_8date,0.0,0.0,0.0,0.0,0.0,-0.02,0.0
thanjavur_paddy,arcgis_B,0.1,-0.1,0.0,-0.02,0.0,-0.145,0.0
thanjavur_paddy,s2colour,0.02,-0.02,0.0,0.0,0.0,-0.08,0.04
thanjavur_paddy,control_bicubic+ref_detail,0.1342,0.12,-0.06,0.02,-0.02,0.0,0.0
thanjavur_paddy,bicubic_8date,0.0,0.0,0.0,0.0,0.0,-0.015,0.005
thanjavur_paddy,arcgis_B,0.0283,0.02,-0.02,0.14,-0.08,-0.03,0.035
thanjavur_paddy,s2colour,0.0566,0.04,0.04,0.0,0.02,-0.04,0.025
barmer_desert,control_bicubic+ref_detail,0.1442,0.12,0.08,0.02,0.0,0.0,0.0
barmer_desert,bicubic_8date,0.0,0.0,0.0,0.02,0.0,-0.01,-0.015
barmer_desert,arcgis_B,0.1265,0.12,0.04,-0.08,-0.04,-0.005,-0.05
barmer_desert,s2colour,0.1217,0.12,0.02,0.04,0.0,-0.03,-0.01
barmer_desert,control_bicubic+ref_detail,0.1789,0.16,0.08,0.02,0.0,0.0,0.0
barmer_desert,bicubic_8date,0.0,0.0,0.0,0.0,0.0,-0.005,0.0
barmer_desert,arcgis_B,0.0721,0.06,0.04,0.0,0.0,-0.03,-0.02
barmer_desert,s2colour,0.0632,0.06,0.02,0.0,0.0,-0.02,-0.01
barmer_desert,control_bicubic+ref_detail,0.3538,0.26,0.24,0.02,0.0,0.0,0.0
barmer_desert,bicubic_8date,0.0,0.0,0.0,0.0,0.0,-0.03,-0.015
barmer_desert,arcgis_B,0.172,0.14,0.1,0.02,0.0,-0.105,-0.045
barmer_desert,s2colour,0.1281,0.1,0.08,0.0,0.0,-0.085,-0.54
barmer_desert,control_bicubic+ref_detail,0.2973,0.2,0.22,0.0,0.0,0.0,0.0
barmer_desert,bicubic_8date,0.0,0.0,0.0,0.0,0.0,-0.02,-0.02
barmer_desert,arcgis_B,0.1887,0.16,0.1,0.0,0.0,-0.025,-0.1
barmer_desert,s2colour,0.1456,0.14,0.04,0.0,0.0,-0.075,-0.5
barmer_desert,control_bicubic+ref_detail,0.2973,0.2,0.22,0.0,0.0,0.0,0.0
barmer_desert,bicubic_8date,0.0,0.0,0.0,0.0,0.0,-0.025,-0.005
barmer_desert,arcgis_B,0.1649,0.16,0.04,0.0,0.0,-0.07,-0.55
barmer_desert,s2colour,0.1414,0.14,0.02,0.0,0.0,-0.15,-0.5
barmer_desert,control_bicubic+ref_detail,0.328,0.2,0.26,0.02,0.0,0.0,0.0
barmer_desert,bicubic_8date,0.0,0.0,0.0,0.0,0.0,-0.01,-0.01
barmer_desert,arcgis_B,0.1649,0.16,0.04,0.02,0.0,-0.055,-0.54
barmer_desert,s2colour,0.1217,0.12,0.02,0.0,0.0,-0.06,-0.53
barmer_desert,control_bicubic+ref_detail,0.26,0.24,0.1,0.02,0.02,0.0,0.0
barmer_desert,bicubic_8date,0.0,0.0,0.0,0.0,0.0,-0.025,-0.005
barmer_desert,arcgis_B,0.1414,0.1,0.1,0.24,0.02,-0.025,-0.02
barmer_desert,s2colour,0.1,0.08,0.06,0.0,0.0,-0.095,-0.07
barmer_desert,control_bicubic+ref_detail,0.2561,0.2,0.16,0.0,0.0,0.0,0.0
barmer_desert,bicubic_8date,0.0,0.0,0.0,0.0,0.0,-0.02,-0.005
barmer_desert,arcgis_B,0.2154,0.2,0.08,0.02,0.0,-0.06,-0.02
barmer_desert,s2colour,0.1523,0.14,0.06,0.0,0.0,-0.12,-0.03
barmer_desert,control_bicubic+ref_detail,0.2691,0.2,0.18,0.02,0.02,0.0,0.0
barmer_desert,bicubic_8date,0.0,0.0,0.0,0.0,0.0,-0.055,-0.005
barmer_desert,arcgis_B,0.2154,0.2,0.08,0.38,0.02,-0.05,-0.03
barmer_desert,s2colour,0.1709,0.16,0.06,0.02,0.0,-0.08,-0.02
barmer_desert,control_bicubic+ref_detail,0.3538,0.24,0.26,0.02,0.02,0.0,0.0
barmer_desert,bicubic_8date,0.0,0.0,0.0,0.0,0.0,-0.055,-0.005
barmer_desert,arcgis_B,0.2236,0.22,0.04,0.02,0.02,-0.02,-0.02
barmer_desert,s2colour,0.1649,0.16,0.04,0.0,0.0,-0.07,-0.53
barmer_desert,control_bicubic+ref_detail,0.2332,0.2,0.12,0.14,0.04,0.0,0.0
barmer_desert,bicubic_8date,0.0,0.0,0.0,0.0,0.0,-0.01,-0.025
barmer_desert,arcgis_B,0.197,0.18,0.08,0.88,0.0,-0.025,-0.535
barmer_desert,s2colour,0.1523,0.14,0.06,0.0,0.0,-0.08,0.015
barmer_desert,control_bicubic+ref_detail,0.1612,0.16,0.02,0.22,0.06,0.0,0.0
barmer_desert,bicubic_8date,0.0,0.0,0.0,0.0,0.0,-0.02,0.005
barmer_desert,arcgis_B,0.2236,0.22,0.04,0.52,0.02,-0.025,-0.005
barmer_desert,s2colour,0.1709,0.16,0.06,0.02,0.0,-0.035,0.025
barmer_desert,control_bicubic+ref_detail,0.2474,0.24,0.06,0.0,0.0,0.0,0.0
barmer_desert,bicubic_8date,0.02,-0.02,0.0,0.0,0.0,-0.04,-0.01
barmer_desert,arcgis_B,0.1897,0.18,0.06,0.02,0.02,-0.09,0.005
barmer_desert,s2colour,0.1265,0.12,0.04,0.0,0.0,-0.07,-0.01
barmer_desert,control_bicubic+ref_detail,0.1523,0.14,-0.06,0.0,0.0,0.0,0.0
barmer_desert,bicubic_8date,0.0,0.0,0.0,0.0,0.0,-0.02,0.005
barmer_desert,arcgis_B,0.1442,0.12,0.08,0.02,0.0,-0.055,0.015
barmer_desert,s2colour,0.1281,0.1,0.08,0.0,0.0,-0.04,0.025
barmer_desert,control_bicubic+ref_detail,0.24,0.24,0.0,0.02,0.02,0.0,0.0
barmer_desert,bicubic_8date,0.0,0.0,0.0,0.0,0.0,-0.005,0.01
barmer_desert,arcgis_B,0.2474,0.24,0.06,0.0,0.02,-0.065,-0.005
barmer_desert,s2colour,0.1523,0.14,0.06,0.0,0.0,-0.05,-0.005
barmer_desert,control_bicubic+ref_detail,0.3053,0.26,0.16,0.0,0.0,0.0,0.0
barmer_desert,bicubic_8date,0.0,0.0,0.0,0.0,0.0,-0.015,-0.02
barmer_desert,arcgis_B,0.2474,0.24,0.06,0.0,0.0,-0.39,-0.055
barmer_desert,s2colour,0.1342,0.12,0.06,0.0,0.0,-0.425,-0.06
barmer_desert,control_bicubic+ref_detail,0.2786,0.26,0.1,0.02,0.02,0.0,0.0
barmer_desert,bicubic_8date,0.0,0.0,0.0,0.0,0.0,-0.04,-0.01
barmer_desert,arcgis_B,0.228,0.22,0.06,0.02,0.02,-0.055,-0.035
barmer_desert,s2colour,0.1456,0.14,0.04,0.0,0.0,-0.095,-0.035
wayanad_forest,control_bicubic+ref_detail,0.0447,0.02,0.04,0.0,0.02,0.0,0.0
wayanad_forest,bicubic_8date,0.02,-0.02,0.0,0.0,0.0,0.0,-0.025
wayanad_forest,arcgis_B,0.2408,0.18,0.16,0.02,0.02,0.045,0.025
wayanad_forest,s2colour,0.172,0.14,0.1,0.0,0.0,0.02,0.01
wayanad_forest,control_bicubic+ref_detail,0.1,0.06,0.08,0.0,0.0,0.0,0.0
wayanad_forest,bicubic_8date,0.0,0.0,0.0,0.0,0.0,0.005,-0.01
wayanad_forest,arcgis_B,0.2608,0.14,0.22,0.02,0.98,0.005,0.035
wayanad_forest,s2colour,0.1697,0.12,0.12,0.0,0.0,0.035,0.04
wayanad_forest,control_bicubic+ref_detail,0.02,-0.02,0.0,0.0,0.0,0.0,0.0
wayanad_forest,bicubic_8date,0.0,0.0,0.0,0.0,0.0,0.0,0.01
wayanad_forest,arcgis_B,0.228,0.14,0.18,0.0,0.0,0.03,0.045
wayanad_forest,s2colour,0.1414,0.1,0.1,0.0,0.0,0.03,0.02
wayanad_forest,control_bicubic+ref_detail,0.02,-0.02,0.0,0.0,0.02,0.0,0.0
wayanad_forest,bicubic_8date,0.0,0.0,0.0,0.0,0.0,-0.015,-0.035
wayanad_forest,arcgis_B,0.3394,0.24,0.24,0.02,0.94,0.045,0.05
wayanad_forest,s2colour,0.2126,0.16,0.14,0.0,0.0,0.025,0.025
wayanad_forest,control_bicubic+ref_detail,0.04,-0.04,0.0,0.0,0.0,0.0,0.0
wayanad_forest,bicubic_8date,0.0,0.0,0.0,0.0,0.0,0.005,0.01
wayanad_forest,arcgis_B,0.2691,0.2,0.18,0.02,0.02,0.05,0.035
wayanad_forest,s2colour,0.1887,0.16,0.1,0.0,0.0,0.055,0.03
wayanad_forest,control_bicubic+ref_detail,0.0283,-0.02,-0.02,0.0,0.0,0.0,0.0
wayanad_forest,bicubic_8date,0.0,0.0,0.0,0.0,0.0,-0.005,0.01
wayanad_forest,arcgis_B,0.2332,0.12,0.2,0.02,0.04,0.025,0.04
wayanad_forest,s2colour,0.1281,0.1,0.08,0.0,0.0,0.0,0.035
wayanad_forest,control_bicubic+ref_detail,0.02,0.0,-0.02,0.0,0.0,0.0,0.0
wayanad_forest,bicubic_8date,0.0,0.0,0.0,0.0,0.0,0.0,0.005
wayanad_forest,arcgis_B,0.397,0.3,0.26,0.02,0.02,0.095,0.03
wayanad_forest,s2colour,0.2608,0.22,0.14,0.0,0.02,0.07,0.035
wayanad_forest,control_bicubic+ref_detail,0.0,0.0,0.0,0.0,0.0,0.0,0.0
wayanad_forest,bicubic_8date,0.0,0.0,0.0,0.0,0.0,0.0,0.0
wayanad_forest,arcgis_B,0.2691,0.2,0.18,0.02,0.0,0.04,0.015
wayanad_forest,s2colour,0.1697,0.12,0.12,0.0,0.0,0.015,0.02
wayanad_forest,control_bicubic+ref_detail,0.0283,-0.02,0.02,0.0,0.0,0.0,0.0
wayanad_forest,bicubic_8date,0.0,0.0,0.0,0.0,0.0,0.0,-0.03
wayanad_forest,arcgis_B,0.272,0.16,0.22,0.0,0.0,0.02,0.04
wayanad_forest,s2colour,0.1844,0.12,0.14,0.0,0.0,0.05,0.025
wayanad_forest,control_bicubic+ref_detail,0.02,-0.02,0.0,0.0,0.0,0.0,0.0
wayanad_forest,bicubic_8date,0.0,0.0,0.0,0.0,0.0,-0.005,0.0
wayanad_forest,arcgis_B,0.2691,0.2,0.18,0.08,0.12,0.17,0.04
wayanad_forest,s2colour,0.2408,0.18,0.16,0.02,0.02,0.08,0.045
wayanad_forest,control_bicubic+ref_detail,0.0447,-0.02,-0.04,0.0,0.12,0.0,0.0
wayanad_forest,bicubic_8date,0.0,0.0,0.0,0.0,0.0,-0.005,-0.035
wayanad_forest,arcgis_B,0.2973,0.2,0.22,-0.02,0.94,0.055,0.18
wayanad_forest,s2colour,0.2,0.16,0.12,0.06,0.14,0.04,0.065
wayanad_forest,control_bicubic+ref_detail,0.04,-0.04,0.0,0.0,0.0,0.0,0.0
wayanad_forest,bicubic_8date,0.0,0.0,0.0,0.0,0.0,0.0,-0.005
wayanad_forest,arcgis_B,0.3256,0.24,0.22,0.04,0.02,0.045,0.03
wayanad_forest,s2colour,0.2163,0.18,0.12,0.02,0.0,0.045,0.06
wayanad_forest,control_bicubic+ref_detail,0.0283,-0.02,0.02,0.0,0.02,0.0,0.0
wayanad_forest,bicubic_8date,0.0,0.0,0.0,0.0,0.0,0.02,-0.01
wayanad_forest,arcgis_B,0.272,0.16,0.22,0.82,0.0,0.015,0.02
wayanad_forest,s2colour,0.1844,0.14,0.12,0.0,0.02,0.025,-0.005
wayanad_forest,control_bicubic+ref_detail,0.0721,-0.04,0.06,0.0,0.0,0.0,0.0
wayanad_forest,bicubic_8date,0.0,0.0,0.0,0.0,0.0,0.005,-0.015
wayanad_forest,arcgis_B,0.2408,0.18,0.16,0.0,0.0,0.06,-0.01
wayanad_forest,s2colour,0.228,0.18,0.14,0.0,0.0,0.07,0.005
wayanad_forest,control_bicubic+ref_detail,0.0721,-0.04,0.06,0.0,0.0,0.0,0.0
wayanad_forest,bicubic_8date,0.0,0.0,0.0,0.0,0.0,0.01,-0.025
wayanad_forest,arcgis_B,0.2126,0.14,0.16,0.0,0.02,0.035,0.0
wayanad_forest,s2colour,0.1844,0.12,0.14,0.0,0.0,0.065,0.01
wayanad_forest,control_bicubic+ref_detail,0.0566,-0.04,0.04,0.0,0.0,0.0,0.0
wayanad_forest,bicubic_8date,0.0,0.0,0.0,0.0,0.0,0.01,-0.005
wayanad_forest,arcgis_B,0.328,0.2,0.26,0.02,0.02,0.04,0.045
wayanad_forest,s2colour,0.198,0.14,0.14,0.0,0.0,0.035,0.02
wayanad_forest,control_bicubic+ref_detail,0.0632,-0.06,0.02,0.0,0.0,0.0,0.0
wayanad_forest,bicubic_8date,0.0,0.0,0.0,0.0,0.0,-0.01,-0.01
wayanad_forest,arcgis_B,0.3111,0.22,0.22,0.02,0.02,0.005,0.035
wayanad_forest,s2colour,0.228,0.18,0.14,0.0,0.0,0.03,0.02
shillong_hills,control_bicubic+ref_detail,0.1,-0.08,-0.06,0.0,0.0,0.0,0.0
shillong_hills,bicubic_8date,0.0,0.0,0.0,0.0,0.0,0.01,0.025
shillong_hills,arcgis_B,0.1217,0.12,0.02,0.02,0.0,0.265,-0.015
shillong_hills,s2colour,0.12,0.12,0.0,0.0,0.0,0.3,0.02
shillong_hills,control_bicubic+ref_detail,0.1,-0.08,-0.06,-0.2,0.0,0.0,0.0
shillong_hills,bicubic_8date,0.0,0.0,0.0,0.0,0.0,0.01,0.0
shillong_hills,arcgis_B,0.1612,0.16,-0.02,0.16,0.08,0.03,0.02
shillong_hills,s2colour,0.12,0.12,0.0,0.0,0.0,0.06,0.05
shillong_hills,control_bicubic+ref_detail,0.1,-0.08,-0.06,0.0,0.0,0.0,0.0
shillong_hills,bicubic_8date,0.0,0.0,0.0,0.0,0.0,0.015,0.0
shillong_hills,arcgis_B,0.1414,0.14,0.02,0.0,0.0,0.055,0.005
shillong_hills,s2colour,0.1456,0.14,0.04,0.0,0.0,0.44,0.01
shillong_hills,control_bicubic+ref_detail,0.0721,-0.06,-0.04,0.0,0.0,0.0,0.0
shillong_hills,bicubic_8date,0.0,0.0,0.0,0.0,0.0,0.005,0.0
shillong_hills,arcgis_B,0.22,0.22,0.0,0.02,0.0,0.05,0.015
shillong_hills,s2colour,0.1612,0.16,0.02,0.0,0.0,0.07,0.02
shillong_hills,control_bicubic+ref_detail,0.0894,-0.08,-0.04,-0.02,0.0,0.0,0.0
shillong_hills,bicubic_8date,0.0,0.0,0.0,0.0,0.0,0.005,0.0
shillong_hills,arcgis_B,0.14,0.14,0.0,0.0,0.0,0.045,0.0
shillong_hills,s2colour,0.1217,0.12,0.02,0.0,0.0,0.065,0.03
shillong_hills,control_bicubic+ref_detail,0.0632,-0.06,-0.02,-0.02,0.02,0.0,0.0
shillong_hills,bicubic_8date,0.0,0.0,0.0,0.0,0.0,0.01,0.0
shillong_hills,arcgis_B,0.1811,0.18,0.02,0.44,0.02,0.515,0.005
shillong_hills,s2colour,0.1456,0.14,0.04,0.02,0.02,0.34,0.055
shillong_hills,control_bicubic+ref_detail,0.0825,-0.08,-0.02,0.0,-0.02,0.0,0.0
shillong_hills,bicubic_8date,0.0,0.0,0.0,0.0,0.0,0.01,0.015
shillong_hills,arcgis_B,0.1897,0.18,0.06,0.04,0.02,0.065,0.03
shillong_hills,s2colour,0.1456,0.14,0.04,0.1,0.06,0.48,0.01
shillong_hills,control_bicubic+ref_detail,0.0566,-0.04,-0.04,0.02,0.0,0.0,0.0
shillong_hills,bicubic_8date,0.0,0.0,0.0,0.0,0.0,0.015,0.01
shillong_hills,arcgis_B,0.1844,0.18,-0.04,0.14,0.0,0.05,0.0
shillong_hills,s2colour,0.14,0.14,0.0,0.06,-0.02,0.045,0.01
shillong_hills,control_bicubic+ref_detail,0.0721,-0.06,-0.04,0.0,0.0,0.0,0.0
shillong_hills,bicubic_8date,0.0,0.0,0.0,0.0,0.0,0.025,0.01
shillong_hills,arcgis_B,0.22,0.22,0.0,0.02,0.0,0.07,0.01
shillong_hills,s2colour,0.1456,0.14,0.04,0.0,0.0,0.085,0.035
shillong_hills,control_bicubic+ref_detail,0.1166,-0.1,-0.06,0.0,-0.02,0.0,0.0
shillong_hills,bicubic_8date,0.0,0.0,0.0,0.0,0.0,0.02,0.0
shillong_hills,arcgis_B,0.16,0.16,0.0,0.02,0.0,0.465,0.01
shillong_hills,s2colour,0.14,0.14,0.0,0.0,0.0,0.11,0.015
shillong_hills,control_bicubic+ref_detail,0.1131,-0.08,-0.08,0.0,0.0,0.0,0.0
shillong_hills,bicubic_8date,0.0,0.0,0.0,0.0,0.0,0.005,0.015
shillong_hills,arcgis_B,0.14,0.14,0.0,0.02,0.0,0.475,0.0
shillong_hills,s2colour,0.1217,0.12,0.02,0.0,0.0,0.43,0.03
shillong_hills,control_bicubic+ref_detail,0.1281,-0.08,-0.1,-0.02,-0.02,0.0,0.0
shillong_hills,bicubic_8date,0.0,0.0,0.0,0.0,0.0,0.015,0.01
shillong_hills,arcgis_B,0.1414,0.14,0.02,0.06,0.08,0.07,0.045
shillong_hills,s2colour,0.1414,0.14,0.02,0.02,-0.02,0.09,0.05
shillong_hills,control_bicubic+ref_detail,0.0721,-0.04,-0.06,-0.02,0.0,0.0,0.0
shillong_hills,bicubic_8date,0.0,0.0,0.0,0.0,0.0,0.0,0.015
shillong_hills,arcgis_B,0.1217,0.12,0.02,0.02,0.0,0.025,0.01
shillong_hills,s2colour,0.0894,0.08,0.04,0.0,0.0,0.02,0.015
shillong_hills,control_bicubic+ref_detail,0.0825,-0.08,-0.02,-0.02,-0.02,0.0,0.0
shillong_hills,bicubic_8date,0.0,0.0,0.0,0.0,0.0,0.0,-0.02
shillong_hills,arcgis_B,0.2341,0.22,0.08,0.0,0.0,0.06,-0.005
shillong_hills,s2colour,0.1456,0.14,0.04,0.0,0.0,0.045,0.04
shillong_hills,control_bicubic+ref_detail,0.1077,-0.1,-0.04,0.0,0.0,0.0,0.0
shillong_hills,bicubic_8date,0.0,0.0,0.0,0.0,0.0,-0.005,-0.015
shillong_hills,arcgis_B,0.2433,0.24,0.04,0.02,0.0,0.5,0.015
shillong_hills,s2colour,0.1456,0.14,0.04,0.0,0.0,0.455,0.035
shillong_hills,control_bicubic+ref_detail,0.1265,-0.12,-0.04,-0.02,0.0,0.0,0.0
shillong_hills,bicubic_8date,0.0,0.0,0.0,0.0,0.0,0.005,0.005
shillong_hills,arcgis_B,0.12,0.12,0.0,0.0,0.0,0.495,0.015
shillong_hills,s2colour,0.102,0.1,0.02,0.0,0.02,0.43,0.025
shillong_hills,control_bicubic+ref_detail,0.1,-0.08,-0.06,0.0,0.0,0.0,0.0
shillong_hills,bicubic_8date,0.0,0.0,0.0,0.0,0.0,0.015,0.01
shillong_hills,arcgis_B,0.1811,0.18,0.02,0.02,0.0,0.46,0.01
shillong_hills,s2colour,0.1649,0.16,0.04,0.02,0.0,0.41,0.01
shillong_hills,control_bicubic+ref_detail,0.1,-0.1,0.0,-0.06,0.04,0.0,0.0
shillong_hills,bicubic_8date,0.0,0.0,0.0,0.0,0.0,0.035,0.005
shillong_hills,arcgis_B,0.1709,0.16,0.06,0.04,0.14,0.485,-0.005
shillong_hills,s2colour,0.1077,0.1,0.04,0.0,0.0,0.07,0.035
shillong_hills,control_bicubic+ref_detail,0.1,-0.1,0.0,0.0,0.0,0.0,0.0
shillong_hills,bicubic_8date,0.0,0.0,0.0,0.0,0.0,0.005,0.0
shillong_hills,arcgis_B,0.201,0.2,0.02,0.02,0.0,0.495,0.015
shillong_hills,s2colour,0.1456,0.14,0.04,0.0,0.0,0.485,0.005
lachung_sikkim,control_bicubic+ref_detail,0.0,0.0,0.0,0.0,0.0,0.0,0.0
lachung_sikkim,bicubic_8date,0.0,0.0,0.0,0.0,0.0,0.01,-0.005
lachung_sikkim,arcgis_B,0.06,0.06,0.0,0.02,0.0,0.035,15.91
lachung_sikkim,s2colour,0.0283,0.02,0.02,0.0,0.0,0.005,45.94
lachung_sikkim,control_bicubic+ref_detail,0.02,0.0,0.02,0.0,0.0,0.0,0.0
lachung_sikkim,bicubic_8date,0.0,0.0,0.0,0.0,0.0,28.83,0.01
lachung_sikkim,arcgis_B,0.14,0.0,-0.14,1.26,-0.02,-18.49,0.02
lachung_sikkim,s2colour,0.0283,0.02,-0.02,0.0,0.0,29.45,0.03
lachung_sikkim,control_bicubic+ref_detail,0.0283,0.02,0.02,0.0,0.0,0.0,0.0
lachung_sikkim,bicubic_8date,0.0,0.0,0.0,0.0,0.0,-0.015,-0.01
lachung_sikkim,arcgis_B,0.0283,0.02,-0.02,0.0,0.0,20.45,-0.01
lachung_sikkim,s2colour,0.0447,0.04,-0.02,0.02,0.0,0.01,-63.67
lachung_sikkim,control_bicubic+ref_detail,0.0825,0.02,0.08,0.0,0.0,0.0,0.0
lachung_sikkim,bicubic_8date,0.0,0.0,0.0,0.0,0.0,0.005,0.0
lachung_sikkim,arcgis_B,0.0825,0.08,-0.02,0.0,0.0,-0.005,6.86
lachung_sikkim,s2colour,0.06,0.06,0.0,0.0,0.0,-0.015,5.015
lachung_sikkim,control_bicubic+ref_detail,0.1,-0.06,0.08,0.0,0.0,0.0,0.0
lachung_sikkim,bicubic_8date,0.0,0.0,0.0,0.0,0.0,-0.015,-0.575
lachung_sikkim,arcgis_B,0.1217,0.12,-0.02,0.0,0.0,0.015,-0.52
lachung_sikkim,s2colour,0.102,0.1,-0.02,0.0,0.0,0.005,-0.805
lachung_sikkim,control_bicubic+ref_detail,0.02,0.0,0.02,0.0,0.0,0.0,0.0
lachung_sikkim,bicubic_8date,0.02,0.0,-0.02,0.0,0.0,-0.01,-0.08
lachung_sikkim,arcgis_B,0.0447,0.04,-0.02,0.0,0.0,0.035,-0.05
lachung_sikkim,s2colour,0.02,0.0,-0.02,0.0,0.0,0.035,-0.57
lachung_sikkim,control_bicubic+ref_detail,0.0447,0.02,-0.04,0.0,0.0,0.0,0.0
lachung_sikkim,bicubic_8date,0.0,0.0,0.0,0.0,0.0,0.025,0.01
lachung_sikkim,arcgis_B,0.1077,0.1,-0.04,0.0,0.0,0.045,0.03
lachung_sikkim,s2colour,0.0825,0.08,0.02,0.0,0.0,0.025,0.005
lachung_sikkim,control_bicubic+ref_detail,0.102,-0.1,0.02,-0.02,0.0,0.0,0.0
lachung_sikkim,bicubic_8date,0.0,0.0,0.0,0.0,0.0,0.01,0.0
lachung_sikkim,arcgis_B,0.0894,0.08,-0.04,0.02,-0.48,0.03,0.01
lachung_sikkim,s2colour,0.0632,0.06,-0.02,0.0,0.0,0.025,0.025
lachung_sikkim,control_bicubic+ref_detail,0.0447,-0.04,-0.02,0.0,0.0,0.0,0.0
lachung_sikkim,bicubic_8date,0.0,0.0,0.0,0.0,0.0,0.02,0.01
lachung_sikkim,arcgis_B,0.1342,0.12,-0.06,0.02,-1.04,0.035,0.0
lachung_sikkim,s2colour,0.0825,0.08,0.02,-0.02,0.0,0.035,-0.01
lachung_sikkim,control_bicubic+ref_detail,0.14,-0.14,0.0,0.0,0.0,0.0,0.0
lachung_sikkim,bicubic_8date,0.0,0.0,0.0,0.0,0.0,0.025,0.005
lachung_sikkim,arcgis_B,0.102,0.1,-0.02,0.0,0.0,0.09,0.01
lachung_sikkim,s2colour,0.0447,0.04,0.02,0.0,0.0,0.05,0.0
lachung_sikkim,control_bicubic+ref_detail,0.3162,-0.3,-0.1,-0.02,0.0,0.0,0.0
lachung_sikkim,bicubic_8date,0.0,0.0,0.0,0.0,0.0,0.01,32.035
lachung_sikkim,arcgis_B,0.08,0.0,-0.08,0.0,0.0,0.615,0.775
lachung_sikkim,s2colour,0.0632,-0.02,-0.06,0.0,0.0,0.59,0.78
lachung_sikkim,control_bicubic+ref_detail,0.1811,0.02,0.18,0.0,0.0,0.0,0.0
lachung_sikkim,bicubic_8date,0.0,0.0,0.0,0.0,0.0,0.0,-0.02
lachung_sikkim,arcgis_B,0.04,0.04,0.0,0.0,0.0,0.01,-0.02
lachung_sikkim,s2colour,0.02,0.02,0.0,0.0,0.0,-0.005,-0.025
lachung_sikkim,control_bicubic+ref_detail,0.3046,-0.28,0.12,0.0,0.0,0.0,0.0
lachung_sikkim,bicubic_8date,0.0,0.0,0.0,0.0,0.0,0.005,-1.185
lachung_sikkim,arcgis_B,0.0283,0.02,-0.02,0.02,0.0,-0.03,-0.005
lachung_sikkim,s2colour,0.04,0.04,0.0,0.0,0.02,0.49,0.02
