iter,epoch,lr,sec_per_iter,l_g_pix,l_g_grad,l_g_percep,l_g_gan,l_d_real,out_d_real,l_d_fake,out_d_fake
600,0,5e-05,0.822,0.082872,0.13469,9.9177,0.24832,0.19629,7.6324,0.12082,-4.8404
800,0,5e-05,0.425,0.081677,0.1306,10.275,0.31524,0.014163,15.604,0.10119,-6.195
1000,0,5e-05,0.477,0.077524,0.12851,9.4969,0.1758,0.012628,12.444,0.19262,-3.3226
1200,0,5e-05,0.469,0.082763,0.12549,9.8243,0.29606,0.027819,14.927,0.057137,-5.8568
1400,0,5e-05,0.474,0.098664,0.1481,10.408,0.39285,0.13819,15.028,0.049819,-7.802
1600,0,5e-05,0.451,0.084822,0.12817,10.071,0.21295,0.091589,9.8584,0.14734,-4.1097
1800,0,5e-05,0.461,0.096805,0.1435,10.652,0.22124,0.054417,11.593,0.11328,-4.3085
2000,0,5e-05,0.450,0.088424,0.10743,9.7514,0.25158,0.14405,9.5909,0.057922,-4.9709
2200,0,5e-05,0.478,0.102,0.1587,10.433,0.2938,0.045741,14.852,0.095263,-5.7743
2400,0,5e-05,0.483,0.074141,0.11368,9.2516,0.25646,0.050136,11.696,0.087418,-5.0391
2600,0,5e-05,0.467,0.085875,0.13364,10.185,0.28512,0.050759,14.631,0.096866,-5.6007
2800,0,5e-05,0.472,0.090409,0.10422,9.246,0.23363,0.058398,10.309,0.08612,-4.5828
3000,0,5e-05,0.454,0.081961,0.12733,9.9024,0.28653,0.12059,12.481,0.023403,-5.6987
3200,0,5e-05,0.443,0.085915,0.14434,9.7241,0.34654,0.026092,14.436,0.044284,-6.8807
3400,0,5e-05,0.471,0.10317,0.17635,10.694,0.35447,0.072604,14.089,0.013325,-7.0719
3600,0,5e-05,0.472,0.076711,0.11917,9.6225,0.29392,0.067351,12.486,0.035413,-5.8404
3800,0,5e-05,0.480,0.084022,0.13597,9.4829,0.2737,0.022296,15.513,0.046673,-5.4253
4000,0,5e-05,0.480,0.075234,0.13252,8.8599,0.29575,0.26817,8.0838,0.013291,-5.8987
4200,0,5e-05,0.450,0.10478,0.17447,10.645,0.34922,0.0027133,17.517,0.021472,-6.9604
4400,0,5e-05,0.498,0.070212,0.11185,9.2583,0.24126,0.018459,12.612,0.1087,-4.7157
4600,0,5e-05,0.496,0.090585,0.13651,9.5219,0.31614,0.018498,15.619,0.025136,-6.2922
4800,0,5e-05,0.481,0.0991,0.17302,10.264,0.34846,0.015304,15.352,0.018053,-6.9494
5000,0,5e-05,0.478,0.071155,0.11291,9.2771,0.28648,0.027676,12.413,0.094507,-5.6302
5200,0,5e-05,0.491,0.087263,0.14853,9.7727,0.36101,0.067708,14.643,0.075272,-7.14
5400,0,5e-05,0.485,0.077672,0.13071,9.3607,0.32277,0.008581,12.911,0.017638,-6.4355
5600,0,5e-05,0.459,0.093222,0.15884,10.056,0.26036,0.0025273,15.403,0.083591,-5.121
5800,0,5e-05,0.491,0.082297,0.13449,9.5984,0.32854,0.025432,11.114,0.022004,-6.5457
6000,0,5e-05,0.442,0.092466,0.14107,10.051,0.42664,0.14389,11.493,0.011654,-8.5156
6200,0,5e-05,0.470,0.082855,0.1251,9.3576,0.38344,0.031244,13.993,0.0056508,-7.6553
6400,0,5e-05,0.432,0.10129,0.16507,10.443,0.40561,0.013491,14.547,0.01848,-8.0891
6600,0,5e-05,0.425,0.10624,0.163,10.486,0.29648,0.013671,14.113,0.089097,-5.8345
6800,0,5e-05,0.458,0.070542,0.10052,9.3369,0.24777,0.0090159,11.624,0.079287,-4.8747
7000,0,5e-05,0.457,0.077542,0.10669,9.4207,0.35701,0.045269,12.254,0.011268,-7.1271
7200,0,5e-05,0.478,0.068597,0.10265,8.9749,0.35619,0.0519,11.967,0.012065,-7.1092
7400,0,5e-05,0.488,0.097218,0.15947,10.107,0.43413,0.013007,17.257,0.011047,-8.6649
7600,0,5e-05,0.440,0.10123,0.13484,10.445,0.36487,0.051227,15.736,0.020218,-7.273
7800,0,5e-05,0.434,0.10027,0.16281,10.432,0.29051,0.10165,12.639,0.023403,-5.7827
8000,0,5e-05,0.484,0.08951,0.14185,10.064,0.41396,0.057421,16.185,0.021854,-8.2512
8200,0,5e-05,0.435,0.10658,0.17346,10.941,0.40974,0.038991,9.9812,0.0031013,-8.1883
8400,0,5e-05,0.483,0.10177,0.14867,10.553,0.33509,0.025445,18.909,0.053011,-6.6474
8600,0,5e-05,0.463,0.098255,0.1492,10.079,0.36862,0.051484,12.087,0.0051626,-7.365
8800,1,5e-05,0.650,0.089913,0.15441,10.143,0.38876,0.0040434,16.8,0.020097,-7.7496
9000,1,5e-05,0.448,0.069724,0.11107,8.9838,0.28112,0.046905,10.63,0.052727,-5.5682
9200,1,5e-05,0.426,0.095639,0.14743,10.236,0.32407,0.0067998,17.249,0.03863,-6.4406
9400,1,5e-05,0.424,0.096866,0.15947,10.255,0.28152,0.0065764,14.541,0.038778,-5.5892
9600,1,5e-05,0.426,0.071962,0.12119,8.7898,0.29557,0.019999,13.191,0.061969,-5.8471
9800,1,5e-05,0.425,0.10128,0.17212,10.463,0.33038,0.0073634,16.719,0.04717,-6.556
10000,1,5e-05,0.425,0.089828,0.13919,9.7104,0.39015,0.084753,10.978,0.012266,-7.7852
10200,1,5e-05,0.424,0.097036,0.16717,9.7335,0.41536,0.01862,12.945,0.0080731,-8.2923
10400,1,5e-05,0.424,0.088745,0.13516,10.159,0.41138,0.063928,14.377,0.0068293,-8.2148
10600,1,5e-05,0.422,0.08267,0.12952,9.1658,0.31699,0.022027,14.025,0.037464,-6.2974
10800,1,5e-05,0.422,0.072803,0.12186,8.9013,0.26126,0.063681,9.9507,0.049382,-5.1739
11000,1,5e-05,0.423,0.093903,0.15881,10.196,0.38703,0.021989,13.83,0.012773,-7.7201
11200,1,5e-05,0.423,0.076898,0.12215,9.2095,0.38609,0.095462,10.831,0.0099417,-7.7071
11400,1,5e-05,0.433,0.092153,0.13262,9.754,0.41034,0.10516,10.774,0.013277,-8.1874
11600,1,5e-05,0.422,0.094723,0.15497,10.358,0.37936,0.012852,15.221,0.016615,-7.5664
11800,1,5e-05,0.422,0.076455,0.11627,8.6388,0.2971,0.12296,7.5951,0.054235,-5.8863
12000,1,5e-05,0.423,0.067683,0.11142,8.5347,0.29804,0.23807,5.7909,0.019099,-5.9399
12200,1,5e-05,0.421,0.076418,0.10801,9.1462,0.33874,0.085166,11.029,0.028524,-6.7442
12400,1,5e-05,0.425,0.10272,0.15715,10.454,0.34703,0.032784,12.153,0.0069313,-6.9316
12600,1,5e-05,0.429,0.09409,0.16324,10.577,0.28419,0.0040208,15.017,0.081325,-5.5905
12800,1,5e-05,0.429,0.069872,0.11036,9.0085,0.29323,0.041041,10.982,0.037366,-5.8244
13000,1,5e-05,0.433,0.081953,0.14048,9.8735,0.41085,0.030451,12.371,0.022963,-8.1928
13200,1,5e-05,0.453,0.093259,0.13817,9.5999,0.26442,0.008279,13.183,0.09502,-5.192
13400,1,5e-05,0.431,0.092154,0.15958,9.6767,0.41477,0.086701,13.238,0.0086907,-8.2833
13600,1,5e-05,0.434,0.075358,0.12158,9.696,0.35863,0.02047,13.352,0.0086808,-7.1605
13800,1,5e-05,0.426,0.089616,0.12946,9.9992,0.3538,0.016118,13.063,0.017378,-7.0518
14000,1,5e-05,0.424,0.083075,0.12759,9.4172,0.3649,0.061332,12.832,0.047376,-7.2462
14200,1,5e-05,0.427,0.084015,0.14035,9.195,0.38597,0.049027,10.067,0.071891,-7.6405
14400,1,5e-05,0.424,0.095948,0.13819,9.8294,0.32659,0.049473,11.598,0.097003,-6.4324
14600,1,5e-05,0.423,0.07848,0.11733,9.2234,0.29206,0.010916,12.118,0.06408,-5.7751
14800,1,5e-05,0.423,0.080677,0.1415,9.4071,0.34954,0.041845,10.257,0.0132,-6.9761
15000,1,5e-05,0.423,0.082931,0.12769,9.4389,0.316,0.024448,9.8283,0.020908,-6.2981
15200,1,5e-05,0.422,0.088886,0.13992,10.1,0.38303,0.046437,11.176,0.018027,-7.6325
15400,1,5e-05,0.424,0.075808,0.11953,9.0553,0.28554,0.045577,12.281,0.044229,-5.6635
15600,1,5e-05,0.422,0.086413,0.13787,9.6715,0.36788,0.038349,10.326,0.0083618,-7.3454
15800,1,5e-05,0.423,0.066591,0.10316,8.8161,0.3452,0.060764,7.8968,0.00848,-6.8929
16000,1,5e-05,0.422,0.077179,0.13786,9.2863,0.25812,0.0094662,11.852,0.078835,-5.081
16200,1,5e-05,0.422,0.081289,0.12807,9.332,0.31232,0.045148,12.839,0.032553,-6.2122
16400,1,5e-05,0.423,0.11235,0.16728,10.607,0.34695,0.15793,12.772,0.06314,-6.8732
16600,1,5e-05,0.422,0.080482,0.12743,9.6799,0.36703,0.071662,11.911,0.014877,-7.3227
16800,1,5e-05,0.423,0.057571,0.080713,8.824,0.32154,0.10626,7.8925,0.061188,-6.3685
17000,1,5e-05,0.424,0.089059,0.13592,10.37,0.33605,0.053496,10.346,0.018975,-6.6983
17200,1,5e-05,0.423,0.098122,0.16722,10.592,0.3478,0.022613,12.645,0.029876,-6.9231
17400,2,5e-05,0.591,0.078275,0.13439,9.5276,0.44365,0.091828,9.906,0.0080578,-8.8615
17600,2,5e-05,0.456,0.10831,0.17152,10.701,0.40093,0.017004,15.359,0.078449,-7.9358
17800,2,5e-05,0.455,0.074834,0.11934,8.9717,0.34406,0.045802,10.075,0.02447,-6.8515
18000,2,5e-05,0.430,0.072969,0.11239,9.1246,0.31981,0.30298,5.6839,0.013583,-6.3781
18200,2,5e-05,0.430,0.08378,0.12643,9.8119,0.29571,0.01136,14.869,0.11387,-5.798
18400,2,5e-05,0.445,0.078561,0.11911,9.3776,0.33201,0.11587,8.1127,0.058486,-6.5773
18600,2,5e-05,0.432,0.08488,0.13006,9.0549,0.28273,0.045104,10.907,0.047597,-5.6053
18800,2,5e-05,0.443,0.067066,0.10848,8.4213,0.19948,0.047186,8.4342,0.08478,-3.904
19000,2,5e-05,0.422,0.074954,0.12878,9.2336,0.2945,0.020112,9.9156,0.059712,-5.8164
19200,2,5e-05,0.422,0.10649,0.17393,10.66,0.39585,0.0072647,15.958,0.020511,-7.8929
19400,2,2.5e-05,0.423,0.10457,0.17393,10.619,0.39805,0.020969,11.424,0.020578,-7.9342
19600,2,2.5e-05,0.422,0.083594,0.13463,9.8881,0.37284,0.050608,11.834,0.013985,-7.4413
19800,2,2.5e-05,0.422,0.076981,0.12347,9.5454,0.32965,0.089448,9.0828,0.014854,-6.5749
20000,2,2.5e-05,0.439,0.083427,0.13294,9.7871,0.2897,0.020687,12.054,0.031845,-5.7599
20200,2,2.5e-05,0.438,0.10165,0.15948,10.467,0.32321,0.015302,14.795,0.044045,-6.4188
20400,2,2.5e-05,0.439,0.077704,0.13388,9.3365,0.37543,0.063662,10.138,0.017473,-7.4891
20600,2,2.5e-05,0.429,0.10816,0.16556,10.231,0.29205,0.054317,10.968,0.10526,-5.7337
20800,2,2.5e-05,0.436,0.089497,0.15187,10.065,0.36154,0.043392,13.997,0.037998,-7.1909
21000,2,2.5e-05,0.434,0.089116,0.12675,9.799,0.26085,0.0059736,13.315,0.12662,-5.089
21200,2,2.5e-05,0.425,0.069096,0.099996,9.0839,0.31075,0.02619,12.024,0.070101,-6.1424
21400,2,2.5e-05,0.446,0.089218,0.11117,9.36,0.34955,0.075117,11.431,0.020454,-6.9692
21600,2,2.5e-05,0.438,0.069874,0.11289,9.2426,0.36577,0.10409,9.97,0.01024,-7.3014
21800,2,2.5e-05,0.444,0.091845,0.1429,9.6997,0.35342,0.052358,11.085,0.055658,-7.009
22000,2,2.5e-05,0.444,0.10804,0.18087,10.68,0.36316,0.03097,12.566,0.029842,-7.2308
22200,2,2.5e-05,0.435,0.10067,0.16134,10.399,0.36556,0.0935,9.2828,0.010634,-7.2983
22400,2,2.5e-05,0.440,0.09117,0.14738,10.506,0.3249,0.012046,14.803,0.059921,-6.437
22600,2,2.5e-05,0.436,0.088219,0.15014,9.9078,0.25179,0.0075619,11.112,0.10188,-4.933
22800,2,2.5e-05,0.436,0.10506,0.17973,10.402,0.3736,0.047498,13.181,0.020019,-7.4502
23000,2,2.5e-05,0.436,0.10216,0.16442,10.638,0.36845,0.013382,15.095,0.027132,-7.3406
23200,2,2.5e-05,0.436,0.11129,0.17402,11.126,0.39907,0.12164,11.984,0.011205,-7.968
23400,2,2.5e-05,0.438,0.084639,0.15108,9.3716,0.36004,0.041955,9.6826,0.014749,-7.1844
23600,2,2.5e-05,0.444,0.073772,0.11451,8.9942,0.33506,0.078344,8.1419,0.043795,-6.6555
23800,2,2.5e-05,0.439,0.092516,0.1479,10.563,0.30288,0.007455,14.967,0.085366,-5.9701
24000,2,2.5e-05,0.439,0.089425,0.14873,9.917,0.31951,0.074382,8.8279,0.020626,-6.3681
