run,epochs,tiles,batch,iters,minutes,status,val_psnr,val_ssim
ft1_realesrgan_A,1,18794,12,1566,8.2,ok,21.3237,0.5448
ft1_realesrgan_B,1,18794,12,1566,8.0,ok,21.058,0.5406
ft1_swinir_l_A,1,18794,16,1174,17.1,ok,21.1229,0.5402
ft1_swinir_l_B,1,18794,16,1174,18.8,ok,20.9562,0.5381
ft1_satlas_1_A,1,18794,48,391,6.2,ok,20.7014,0.4618
ft1_satlas_2_A,1,18794,48,391,6.2,ok,20.9551,0.4881
ft1_satlas_8_A,1,18794,48,391,6.2,ok,21.1352,0.5003
ft1_sen2sr_lite_A,1,18794,48,391,3.6,ok,18.0803,0.4674
ft1_sen2sr_lite_B,1,18794,48,391,1.0,ok,18.1245,0.4755
ft1_swin2_mose_A,1,18794,32,587,10.1,ok,19.4975,0.5423
ft1_swin2_mose_B,1,18794,32,587,7.8,ok,20.6138,0.5493
