place,role,kind,lon,lat,seen_by_india20k,arcgis_tiles,s2_stacks,train,val,water,mismatch,hr_black,bad_s2_shape,duplicate_tile_id,seen_cap
howrah,train,urban,88.3246,22.5958,True,2310,2310,1000,0,87,1,0,0,0,1222
kota,train,urban,75.839,25.1815,True,2300,2300,1000,0,14,2,0,0,0,1284
kanpur,train,urban,80.3319,26.4499,True,2306,2306,1000,0,8,1,0,0,0,1297
ahmedabad,train,urban,72.5714,23.0225,True,2300,2300,1000,0,11,0,0,0,0,1289
pune_core,train,urban,73.8567,18.5204,True,2300,2300,1000,0,0,4,0,0,0,1296
chennai_dense,train,urban,80.2707,13.0827,True,2300,2181,1000,0,434,20,0,0,0,727
surat,train,urban,72.8311,21.1702,True,2306,2306,1000,0,19,8,0,0,0,1279
bhopal,train,urban,77.4126,23.2599,False,2300,2300,2180,2,112,6,0,0,0,0
jaipur,train,urban,75.7873,26.9124,False,2300,2300,2220,1,0,79,0,0,0,0
bengaluru,train,urban,77.5946,12.9716,False,2300,2300,2295,2,3,0,0,0,0,0
nagpur,train,urban,79.0882,21.1458,False,2300,2300,2290,1,9,0,0,0,0,0
guwahati,train,urban,91.7362,26.1445,False,2353,2353,1987,1,78,287,0,0,0,0
delhi_old,train,urban,77.23,28.656,False,2301,2301,2279,1,8,13,0,0,0,0
mumbai,train,urban,72.855,19.043,False,2304,2304,1832,1,441,30,0,0,0,0
lucknow,train,urban,80.9462,26.8467,False,2302,2302,2301,1,0,0,0,0,0,0
patna,train,urban,85.1376,25.5941,False,2300,2300,2254,1,40,5,0,0,0,0
indore,train,urban,75.8577,22.7196,False,2301,2301,2239,1,17,44,0,0,0,0
chandigarh,train,urban,76.7794,30.7333,False,2300,2300,2270,2,14,14,0,0,0,0
visakhapatnam,train,urban,83.2185,17.6868,False,2302,2302,2096,1,86,119,0,0,0,0
coimbatore,train,urban,76.9558,11.0168,False,2303,2303,2279,2,15,7,0,0,0,0
madurai,train,urban,78.1198,9.9252,False,2300,2300,2139,1,15,145,0,0,0,0
raipur,train,urban,81.6296,21.2514,False,3744,3654,3455,1,3,195,0,0,0,0
srinagar,train,urban,74.7973,34.0837,False,2301,2301,2283,1,6,11,0,0,0,0
punjab_agri_1,train,farmland,75.8573,30.901,True,2450,2450,1000,0,0,10,0,0,0,1440
punjab_agri_2,train,farmland,74.8723,31.634,True,2450,2450,1000,0,0,10,0,0,0,1440
up_agri,train,farmland,78.0081,27.8974,True,2450,2450,1000,0,0,228,0,0,0,1222
haryana_agri,train,farmland,76.7821,30.3165,True,2450,2450,1000,0,0,700,0,0,0,750
hisar_agri,train,farmland,75.7217,29.1492,False,2450,2450,2350,1,3,96,0,0,0,0
bardhaman_agri,train,farmland,87.8615,23.2324,False,2460,2460,2038,2,26,394,0,0,0,0
guntur_agri,train,farmland,80.4365,16.3067,False,2450,2450,2216,1,2,231,0,0,0,0
latur_agri,train,farmland,76.5604,18.4088,False,2450,2450,2432,1,3,14,0,0,0,0
malwa_agri,train,farmland,75.78,23.18,False,2451,2451,2376,1,2,72,0,0,0,0
cuttack_agri,train,farmland,85.9,20.4,False,2451,2451,2446,1,2,2,0,0,0,0
kolhapur_agri,train,farmland,74.24,16.705,False,2450,2450,2397,1,6,46,0,0,0,0
jaisalmer_barren,train,desert,70.9161,26.9157,True,2450,2450,1000,0,0,2,0,0,0,1448
bikaner_barren,train,desert,73.3119,28.0229,True,2450,2450,1000,0,0,6,0,0,0,1444
kutch_barren,train,desert,69.8597,23.7337,True,2450,2450,1000,0,20,19,0,0,0,1411
jodhpur_arid,train,desert,72.9,26.3,False,2450,2450,2444,1,3,2,0,0,0,0
hampi_rocky,train,rocky,76.46,15.335,False,2450,2450,2397,1,0,52,0,0,0,0
anantapur_arid,train,rocky,77.6,14.68,False,2450,2450,2388,2,42,18,0,0,0,0
ladakh_barren,train,mountain,77.5771,34.1526,True,2450,2450,1000,0,8,317,0,0,0,1125
pachmarhi_forest,train,forest,78.4336,22.4675,False,2450,2450,2149,1,0,300,0,0,0,0
similipal_forest,train,forest,86.35,21.8,False,2451,2451,2106,1,0,344,0,0,0,0
agumbe_ghats,train,forest,75.088,13.503,False,2450,2450,2039,2,2,407,0,0,0,0
kanha_forest,train,forest,80.61,22.335,False,2450,2450,2424,1,0,25,0,0,0,0
bastar_forest,train,forest,81.95,19.07,False,2456,2456,2131,2,3,320,0,0,0,0
darjeeling_tea,train,hills,88.2627,27.036,False,2450,2449,2318,1,0,130,0,0,0,0
munnar_tea,train,hills,77.0595,10.0889,False,2451,2451,2358,1,1,91,0,0,0,0
alleppey_backwaters,train,coast,76.3388,9.4981,False,2450,2115,1445,2,440,228,0,0,0,0
goa_coast,train,coast,73.8,15.5,False,2450,2435,1449,1,964,21,0,0,0,0
majuli_river,train,river,94.16,26.95,False,2450,2450,2049,1,121,279,0,0,0,0
drass_snow,train,snow,75.755,34.43,False,2450,2443,2010,1,2,430,0,0,0,0
manali_solang,train,snow,77.156,32.316,False,2453,2290,1769,1,4,516,0,0,0,0
auli_joshimath,train,snow,79.565,30.53,False,2473,2472,2417,2,1,52,0,0,0,0
tawang_snow,train,snow,91.859,27.586,False,2450,2448,2389,1,0,58,0,0,0,0
hyderabad_charminar,test,urban,78.4747,17.3616,False,400,400,0,0,0,0,0,0,0,0
varanasi_ghats,test,urban,83.0104,25.3109,False,400,400,0,0,0,0,0,0,0,0
thanjavur_paddy,test,farmland,79.1378,10.787,False,400,400,0,0,0,0,0,0,0,0
barmer_desert,test,desert,71.3967,25.7521,False,400,400,0,0,0,0,0,0,0,0
wayanad_forest,test,forest,76.132,11.6854,False,400,400,0,0,0,0,0,0,0,0
shillong_hills,test,hills,91.8933,25.5788,False,400,400,0,0,0,0,0,0,0,0
lachung_sikkim,test,snow,88.745,27.689,False,400,400,0,0,0,0,0,0,0,0
