place,role,tiles_with_metadata,missing_metadata,res_m_min,res_m_median,res_m_max,share_le_1m,capture_first,capture_last,main_source,sources,s2_gap_days_median,s2_gap_days_p90
howrah,train,1000,0,0.46,0.46,0.5,1.0,2025-11-29,2026-03-13,Vivid Advanced/GE01,2,20.0,22.5
kota,train,1000,0,0.31,0.31,0.31,1.0,2024-02-23,2024-02-23,Vivid Advanced/WV03,1,15.0,15.0
kanpur,train,1000,0,0.34,0.34,0.34,1.0,2026-02-09,2026-02-16,Vivid Advanced/LG03,2,10.0,15.0
ahmedabad,train,1000,0,0.31,0.5,0.5,1.0,2025-11-16,2026-01-15,Vivid Advanced/WV02,3,12.5,12.5
pune_core,train,1000,0,0.31,0.31,0.46,1.0,2025-10-13,2025-12-09,Vivid Advanced/WV03,2,11.5,34.5
chennai_dense,train,1000,0,0.31,0.31,0.5,1.0,2025-03-21,2026-03-04,Vivid Advanced/WV03,2,12.5,17.5
surat,train,1000,0,0.34,0.46,0.5,1.0,2025-04-06,2025-10-23,Vivid Advanced/GE01,3,18.5,18.5
bhopal,train,2182,0,0.34,0.5,0.5,1.0,2025-11-10,2026-01-21,Vivid Advanced/WV02,3,20.0,20.0
jaipur,train,2221,0,0.31,0.31,0.5,1.0,2025-03-05,2026-02-28,Vivid Advanced/WV03,3,13.5,37.5
bengaluru,train,2297,0,0.5,0.5,0.5,1.0,2026-01-08,2026-01-08,Vivid Advanced/WV02,1,21.5,21.5
nagpur,train,2291,0,0.31,0.34,0.5,1.0,2025-11-06,2026-01-10,Vivid Advanced/LG02,4,15.0,34.5
guwahati,train,1988,0,0.5,0.5,0.5,1.0,2023-12-18,2023-12-18,Vivid Advanced/WV02,1,16.5,25.0
delhi_old,train,2280,0,0.31,0.5,0.5,1.0,2025-10-13,2025-12-09,Vivid Advanced/WV02,3,29.5,40.0
mumbai,train,1833,0,0.34,0.5,0.5,1.0,2025-11-11,2025-12-08,Vivid Advanced/WV02,2,13.5,17.5
lucknow,train,2302,0,0.46,0.5,0.5,1.0,2025-11-15,2026-02-23,Vivid Advanced/WV02,2,10.0,10.5
patna,train,2255,0,0.5,0.5,0.5,1.0,2026-03-03,2026-03-03,Vivid Advanced/WV02,1,15.0,18.5
indore,train,2240,0,0.5,0.5,0.5,1.0,2025-09-26,2025-09-26,Vivid Advanced/WV02,1,76.5,81.5
chandigarh,train,2272,0,0.34,0.46,0.46,1.0,2025-10-12,2025-10-19,Vivid Advanced/GE01,2,12.5,15.0
visakhapatnam,train,2097,0,0.34,0.34,0.5,1.0,2025-11-18,2026-02-07,Vivid Advanced/LG02,2,14.0,22.5
coimbatore,train,2281,0,0.31,0.46,0.5,1.0,2023-11-13,2026-01-04,Vivid Advanced/GE01,3,40.0,55.5
madurai,train,2140,0,0.31,0.46,0.5,1.0,2023-02-20,2024-01-16,Vivid Advanced/GE01,3,42.0,54.5
raipur,train,3456,0,0.31,0.31,0.5,1.0,2023-01-10,2025-01-29,Vivid Advanced/WV03,5,22.5,66.5
srinagar,train,2284,0,0.31,0.31,0.34,1.0,2025-03-31,2025-10-25,Vivid/WV03,4,24.0,29.0
punjab_agri_1,train,1000,0,0.31,0.5,0.5,1.0,2023-10-27,2024-11-22,Vivid Advanced/WV02,2,17.5,22.5
punjab_agri_2,train,1000,0,0.34,0.34,0.34,1.0,2025-03-31,2025-04-06,Vivid/LG02,1,11.5,12.5
up_agri,train,1000,0,0.34,0.5,0.5,1.0,2023-04-17,2025-10-06,Vivid Advanced/WV02,3,35.0,53.5
haryana_agri,train,1000,0,0.31,0.34,0.5,1.0,2025-01-30,2026-04-25,Vivid Advanced/LG02,3,25.5,41.5
hisar_agri,train,2351,0,0.31,0.5,0.5,1.0,2023-10-27,2025-09-26,Vivid Advanced/WV02,2,19.5,34.0
bardhaman_agri,train,2040,0,0.34,0.34,0.34,1.0,2024-12-23,2025-09-09,Vivid/LG02,3,27.5,76.0
guntur_agri,train,2217,0,0.31,0.31,0.5,1.0,2023-10-12,2024-10-26,Vivid Advanced/WV03,3,60.5,75.5
latur_agri,train,2433,0,0.34,0.34,0.34,1.0,2024-11-16,2026-04-21,Vivid/LG03,3,10.5,13.5
malwa_agri,train,2377,0,0.34,0.34,0.34,1.0,2025-02-13,2026-04-28,Vivid/LG05,3,27.5,40.0
cuttack_agri,train,2447,0,0.34,0.34,0.34,1.0,2026-01-09,2026-01-13,Vivid Advanced/LG01,2,20.0,27.5
kolhapur_agri,train,2398,0,0.31,0.31,0.5,1.0,2023-11-01,2024-01-18,Vivid Advanced/WV03,2,17.5,18.5
jaisalmer_barren,train,1000,0,0.31,0.31,0.34,1.0,2025-11-20,2026-01-11,Vivid/WV03,2,12.5,15.0
bikaner_barren,train,1000,0,0.31,0.31,0.31,1.0,2024-06-18,2024-06-18,Vivid Advanced/WV03,1,30.5,35.5
kutch_barren,train,1000,0,0.34,0.34,0.34,1.0,2026-02-28,2026-04-19,Vivid/LG02,3,12.5,16.5
jodhpur_arid,train,2445,0,0.31,0.34,0.34,1.0,2022-10-19,2026-01-08,Vivid/LG02,2,35.5,35.5
hampi_rocky,train,2398,0,0.34,0.34,0.34,1.0,2026-01-27,2026-04-20,Vivid/LG02,3,15.0,29.5
anantapur_arid,train,2390,0,0.34,0.34,0.46,1.0,2023-02-18,2026-03-04,Vivid/LG01,3,19.5,29.5
ladakh_barren,train,1000,0,0.31,0.31,0.31,1.0,2023-10-01,2026-02-28,Vivid/WV03,1,17.5,44.0
pachmarhi_forest,train,2150,0,0.34,0.34,0.5,1.0,2023-03-08,2025-12-18,Vivid/LG01,5,15.0,17.5
similipal_forest,train,2107,0,0.5,0.5,0.5,1.0,2023-04-05,2024-02-10,Vivid/WV02,1,18.5,30.0
agumbe_ghats,train,2041,0,0.34,0.34,0.5,1.0,2023-12-30,2025-10-19,Vivid/LG02,2,25.5,35.5
kanha_forest,train,2425,0,0.31,0.31,0.5,1.0,2019-01-03,2019-10-14,Vivid/WV03,2,11.5,52.0
bastar_forest,train,2133,0,0.31,0.34,0.34,1.0,2025-05-17,2025-11-20,Vivid/LG01,4,50.5,60.5
darjeeling_tea,train,2319,0,0.31,0.31,0.34,1.0,2025-11-18,2025-12-13,Vivid/WV03,2,19.0,21.5
munnar_tea,train,2359,0,0.31,0.31,0.5,1.0,2023-02-22,2024-12-31,Vivid/WV03,3,59.5,67.0
alleppey_backwaters,train,1447,0,0.31,0.31,0.5,1.0,2022-03-14,2025-03-20,Vivid/WV03,5,27.5,52.0
goa_coast,train,1450,0,0.34,0.34,0.34,1.0,2026-01-24,2026-02-07,Vivid/LG01,3,10.0,10.0
majuli_river,train,2050,0,0.31,0.31,0.31,1.0,2025-10-20,2025-10-20,Vivid/WV03,1,56.5,56.5
drass_snow,train,2011,0,0.31,0.31,0.5,1.0,2016-10-16,2024-10-07,Vivid/WV03,2,25.0,30.5
manali_solang,train,1770,0,0.31,0.34,0.46,1.0,2023-12-17,2025-11-26,Vivid/LG02,4,30.5,56.0
auli_joshimath,train,2419,0,0.31,0.31,0.34,1.0,2025-01-25,2025-10-11,Vivid/WV03,4,17.5,22.5
tawang_snow,train,2390,0,0.31,0.5,0.5,1.0,2023-01-10,2023-11-15,Vivid/WV02,2,32.5,41.5
hyderabad_charminar,test,400,0,0.34,0.46,0.5,1.0,2025-11-15,2026-02-12,Vivid Advanced/GE01,3,25.5,25.5
varanasi_ghats,test,400,0,0.31,0.31,0.31,1.0,2023-10-25,2023-10-25,Vivid Advanced/WV03,1,25.0,39.5
thanjavur_paddy,test,400,0,0.34,0.34,0.34,1.0,2025-07-31,2025-07-31,Vivid/LG02,1,69.5,77.5
barmer_desert,test,400,0,0.31,0.31,0.34,1.0,2023-02-09,2026-01-04,Vivid/WV03,3,12.5,18.0
wayanad_forest,test,400,0,0.31,0.34,0.34,1.0,2023-03-12,2025-04-21,Vivid/LG02,2,58.5,58.5
shillong_hills,test,400,0,0.46,0.46,0.5,1.0,2023-01-27,2023-11-29,Vivid/GE01,2,32.5,32.5
lachung_sikkim,test,400,0,0.31,0.31,0.31,1.0,2025-03-15,2025-11-11,Vivid/WV03,1,33.0,76.0
