set,model,scope,tiles,chips,psnr,ssim,cpsnr,lpips,cn_psnr,cn_ssim,cn_lpips,edge_f1,grad_corr,ha_metric,om_metric,im_metric,reflectance,spectral,spatial,synthesis
inseason,arcgis_B,all,2800,117,18.986,0.4594,20.3884,0.197,20.1463,0.4729,0.1816,0.642,0.3563,0.2643,0.2256,0.5101,0.095,4.7241,0.1797,0.1258
inseason,bicubic_1date,all,2800,117,16.8894,0.3653,20.7803,0.5844,20.3426,0.4503,0.5758,0.4081,0.273,0.157,0.4263,0.4167,0.0068,0.6172,0.0003,0.1036
inseason,bicubic_8date,all,2800,117,16.775,0.351,20.5793,0.5882,20.098,0.4487,0.5777,0.4046,0.2678,0.1729,0.4462,0.3809,0.0076,0.7595,0.0009,0.1057
inseason,ldsr_s2,all,2800,117,16.9452,0.3755,20.8711,0.3971,20.4354,0.4523,0.3491,0.4922,0.276,0.1658,0.387,0.4472,0.0091,1.7574,0.0014,0.107
inseason,realesrgan_general,all,2800,117,16.5713,0.3704,20.6746,0.4698,20.3394,0.4556,0.4397,0.4584,0.3001,0.168,0.3882,0.4438,0.0156,2.4026,0.0314,0.1068
inseason,s2colour,all,2800,117,16.7316,0.4074,20.4075,0.2148,19.8181,0.446,0.1932,0.6376,0.3436,0.2392,0.2883,0.4725,0.0217,1.1518,0.1332,0.1181
inseason,satlas_8s2,all,2800,117,13.7797,0.1898,16.9923,0.412,17.0885,0.2261,0.382,0.5236,0.1388,0.3724,0.2045,0.423,0.1885,5.5414,0.4844,0.1379
inseason,sen2sr_lite,all,2800,117,16.939,0.3766,20.8807,0.5066,20.472,0.4624,0.4841,0.4569,0.2942,0.1564,0.4148,0.4288,0.0053,0.6279,0.0007,0.1046
offseason,arcgis_B,all,2798,116,17.7388,0.3904,19.2494,0.233,18.9654,0.4004,0.2142,0.5695,0.2878,0.2767,0.2684,0.4549,0.0907,4.5395,0.1649,0.1254
offseason,bicubic_8date,all,2798,116,16.2034,0.333,19.9622,0.6105,19.1,0.4068,0.5903,0.3502,0.2193,0.205,0.4405,0.3545,0.0085,0.8178,0.0018,0.1044
offseason,s2colour,all,2798,116,15.9468,0.3541,19.5113,0.2486,18.8001,0.3817,0.2237,0.5662,0.2806,0.2473,0.334,0.4188,0.0208,1.1218,0.1142,0.1167
offseason,satlas_8s2,all,2798,116,13.375,0.1655,16.7586,0.4337,16.7497,0.1988,0.4059,0.4856,0.1073,0.3482,0.2465,0.4054,0.1727,5.4554,0.5074,0.1355
inseason,arcgis_B,barmer_desert,400,17,17.1336,0.4281,17.9283,0.175,18.0107,0.4418,0.164,0.7385,0.363,0.3888,0.3069,0.3043,0.0723,5.4258,0.1872,0.1112
inseason,arcgis_B,hyderabad_charminar,400,15,17.56,0.4445,17.995,0.1628,17.396,0.4515,0.158,0.7755,0.3463,0.3318,0.299,0.3692,0.0865,2.7694,0.33,0.114
inseason,arcgis_B,lachung_sikkim,400,13,17.4488,0.3251,20.8041,0.31,21.7862,0.4162,0.2659,0.3889,0.1586,0.1106,0.1146,0.7749,0.1367,7.6863,0.0814,0.2474
inseason,arcgis_B,shillong_hills,400,19,18.6858,0.4215,19.6983,0.1815,19.2268,0.4282,0.1769,0.7077,0.3744,0.2976,0.2019,0.5005,0.1016,4.8782,0.1723,0.1288
inseason,arcgis_B,thanjavur_paddy,400,19,19.4783,0.5223,20.327,0.2057,19.7788,0.5105,0.19,0.6341,0.4795,0.2664,0.2535,0.4801,0.0773,5.2816,0.1226,0.0955
inseason,arcgis_B,varanasi_ghats,400,17,19.3591,0.5227,21.1294,0.153,20.6849,0.526,0.1446,0.7139,0.3915,0.3264,0.285,0.3886,0.0592,3.7927,0.0854,0.0915
inseason,arcgis_B,wayanad_forest,400,17,23.2366,0.5512,24.8365,0.1908,24.1403,0.5358,0.172,0.535,0.3808,0.0963,0.1003,0.8034,0.1416,3.6182,0.2811,0.1226
inseason,bicubic_1date,barmer_desert,400,17,17.519,0.3272,18.789,0.6253,17.9724,0.3716,0.6048,0.4421,0.2605,0.2291,0.6266,0.1443,0.0093,0.4387,0.0,0.0629
inseason,bicubic_1date,hyderabad_charminar,400,15,16.6323,0.2619,17.555,0.6924,17.032,0.3463,0.696,0.4947,0.2327,0.2348,0.5928,0.1724,0.0085,0.4483,0.0,0.0891
inseason,bicubic_1date,lachung_sikkim,400,13,14.4424,0.3573,23.349,0.549,22.163,0.5299,0.5206,0.2408,0.1422,0.0976,0.1991,0.7034,0.0028,0.57,0.0,0.2339
inseason,bicubic_1date,shillong_hills,400,19,16.1322,0.2733,19.5472,0.6164,19.3963,0.3793,0.6213,0.4326,0.2952,0.1768,0.471,0.3522,0.0055,0.8323,0.0011,0.1184
inseason,bicubic_1date,thanjavur_paddy,400,19,17.4966,0.4474,19.7287,0.5671,19.9236,0.4873,0.5544,0.4183,0.3586,0.0701,0.4164,0.5135,0.0122,1.0555,0.0,0.0611
inseason,bicubic_1date,varanasi_ghats,400,17,17.8384,0.3448,20.4951,0.5879,19.7306,0.39,0.5909,0.3772,0.2162,0.2268,0.4863,0.287,0.0056,0.4381,0.0,0.0792
inseason,bicubic_1date,wayanad_forest,400,17,18.1652,0.5454,25.9981,0.4529,26.1802,0.6476,0.4427,0.4511,0.4059,0.0671,0.1537,0.7792,0.0023,0.43,0.0012,0.1125
inseason,bicubic_8date,barmer_desert,400,17,17.5108,0.3156,18.7953,0.6224,17.8004,0.3613,0.6002,0.4337,0.2413,0.2404,0.6203,0.1393,0.0096,0.4185,0.0012,0.0673
inseason,bicubic_8date,hyderabad_charminar,400,15,16.4442,0.2563,17.4781,0.691,17.1021,0.3532,0.6912,0.5096,0.2376,0.251,0.5403,0.2087,0.0085,0.4276,0.0,0.0953
inseason,bicubic_8date,lachung_sikkim,400,13,13.8926,0.3222,23.3897,0.5504,22.0936,0.5217,0.5153,0.2356,0.1347,0.0778,0.1622,0.76,0.004,1.1356,0.0015,0.2419
inseason,bicubic_8date,shillong_hills,400,19,16.1002,0.2731,19.5493,0.6157,19.5319,0.3843,0.6176,0.4386,0.3018,0.1938,0.4649,0.3413,0.006,0.8979,0.0,0.1178
inseason,bicubic_8date,thanjavur_paddy,400,19,17.738,0.4412,19.7761,0.5722,19.3193,0.4677,0.5648,0.4067,0.3516,0.0853,0.6619,0.2529,0.0128,1.1491,0.0,0.0558
inseason,bicubic_8date,varanasi_ghats,400,17,18.5077,0.3476,20.0769,0.5944,19.8781,0.4225,0.5895,0.3876,0.2438,0.2958,0.4537,0.2504,0.0075,0.6146,0.0024,0.0748
inseason,bicubic_8date,wayanad_forest,400,17,17.2314,0.5009,24.99,0.4712,24.9608,0.6303,0.4656,0.4202,0.364,0.0609,0.1365,0.8026,0.0036,0.6608,0.0012,0.1225
inseason,ldsr_s2,barmer_desert,400,17,17.5775,0.3402,18.8894,0.399,18.0223,0.3748,0.3526,0.5271,0.2533,0.2442,0.5851,0.1706,0.0114,1.2333,0.0,0.0684
inseason,ldsr_s2,hyderabad_charminar,400,15,16.7437,0.2875,17.6982,0.4579,17.235,0.3628,0.3984,0.5928,0.2333,0.2457,0.5328,0.2215,0.0107,1.3024,0.0,0.0922
inseason,ldsr_s2,lachung_sikkim,400,13,14.4328,0.352,23.3074,0.4243,22.1112,0.5096,0.3654,0.2853,0.1374,0.1022,0.1901,0.7077,0.0045,2.1306,0.0015,0.234
inseason,ldsr_s2,shillong_hills,400,19,16.1875,0.2905,19.6682,0.4454,19.5796,0.3917,0.3945,0.5237,0.2975,0.1765,0.4256,0.3979,0.0078,2.4686,0.0053,0.1191
inseason,ldsr_s2,thanjavur_paddy,400,19,17.6457,0.457,19.8676,0.3369,20.0966,0.4982,0.319,0.5295,0.3875,0.0852,0.3602,0.5546,0.0158,2.3771,0.0011,0.0717
inseason,ldsr_s2,varanasi_ghats,400,17,17.8524,0.3512,20.5938,0.4079,19.7662,0.3878,0.3592,0.4505,0.2145,0.2361,0.4416,0.3224,0.0077,1.2696,0.0,0.0821
inseason,ldsr_s2,wayanad_forest,400,17,18.1766,0.5501,26.073,0.3083,26.2365,0.6409,0.2544,0.5361,0.4088,0.0734,0.1428,0.7837,0.0043,1.3982,0.0012,0.1125
inseason,realesrgan_general,barmer_desert,400,17,17.5623,0.3469,18.8475,0.4964,18.0729,0.3828,0.4696,0.4821,0.2855,0.2381,0.6003,0.1616,0.0165,1.6938,0.032,0.0668
inseason,realesrgan_general,hyderabad_charminar,400,15,16.568,0.3016,17.7619,0.5227,17.3339,0.3778,0.4906,0.5684,0.2666,0.2501,0.5217,0.2282,0.0176,2.0377,0.0259,0.0939
inseason,realesrgan_general,lachung_sikkim,400,13,13.9686,0.3334,23.05,0.4857,22.0617,0.5231,0.4266,0.2759,0.1502,0.0986,0.1853,0.716,0.0115,2.9002,0.0335,0.2347
inseason,realesrgan_general,shillong_hills,400,19,15.5717,0.279,19.6233,0.5117,19.535,0.3882,0.4918,0.4924,0.3348,0.1939,0.3847,0.4214,0.0192,3.3423,0.033,0.1214
inseason,realesrgan_general,thanjavur_paddy,400,19,16.9698,0.4386,19.1589,0.4676,19.8418,0.4803,0.4492,0.4464,0.378,0.0818,0.3966,0.5216,0.0197,2.8369,0.0268,0.0665
inseason,realesrgan_general,varanasi_ghats,400,17,17.4935,0.3543,20.6217,0.4674,19.7858,0.3985,0.4341,0.4402,0.2438,0.2405,0.446,0.3135,0.0145,1.8679,0.0292,0.0826
inseason,realesrgan_general,wayanad_forest,400,17,17.8653,0.5386,25.6591,0.3369,25.7445,0.6383,0.3162,0.5037,0.4417,0.0735,0.1503,0.7762,0.0089,2.0519,0.0393,0.1133
inseason,s2colour,barmer_desert,400,17,16.9569,0.4063,18.2844,0.1926,17.6509,0.4101,0.1763,0.7173,0.346,0.3607,0.3698,0.2695,0.034,0.9349,0.1364,0.0986
inseason,s2colour,hyderabad_charminar,400,15,16.6189,0.4254,17.8376,0.1775,17.0488,0.435,0.1602,0.7837,0.3382,0.3478,0.3071,0.3451,0.0316,0.5554,0.2486,0.115
inseason,s2colour,lachung_sikkim,400,13,13.7072,0.2362,22.1074,0.332,21.2504,0.3622,0.2864,0.3929,0.1449,0.1191,0.1204,0.7605,0.0129,2.0352,0.0516,0.2418
inseason,s2colour,shillong_hills,400,19,16.0737,0.345,19.6617,0.187,18.7436,0.3906,0.1743,0.7102,0.3533,0.2829,0.2369,0.4802,0.0221,1.6945,0.1342,0.1263
inseason,s2colour,thanjavur_paddy,400,19,17.8208,0.4999,19.8536,0.2174,19.8613,0.5171,0.2044,0.6132,0.4661,0.1317,0.4859,0.3824,0.0186,1.2429,0.0928,0.0696
inseason,s2colour,varanasi_ghats,400,17,18.7454,0.4789,20.3542,0.184,19.7436,0.475,0.1627,0.692,0.3662,0.3434,0.3325,0.3241,0.0244,0.7566,0.0731,0.0873
inseason,s2colour,wayanad_forest,400,17,17.1984,0.4601,24.7534,0.213,24.4281,0.5321,0.1879,0.554,0.3906,0.0808,0.1111,0.8081,0.0076,0.9062,0.1946,0.122
inseason,satlas_8s2,barmer_desert,400,17,12.7389,0.1454,15.3867,0.3605,14.8444,0.1644,0.3444,0.5843,0.1143,0.4679,0.3003,0.2318,0.1241,4.89,0.3998,0.1219
inseason,satlas_8s2,hyderabad_charminar,400,15,13.3625,0.1803,14.7197,0.3496,14.4794,0.1904,0.341,0.6487,0.1165,0.4303,0.2873,0.2823,0.1202,3.6673,0.5723,0.1242
inseason,satlas_8s2,lachung_sikkim,400,13,13.0841,0.1614,19.0348,0.5168,19.7855,0.2285,0.4625,0.3269,0.0609,0.1623,0.1027,0.735,0.3374,7.1329,0.4964,0.2481
inseason,satlas_8s2,shillong_hills,400,19,13.2555,0.1893,16.8629,0.3853,15.9157,0.2001,0.3725,0.5806,0.1614,0.4592,0.1633,0.3775,0.248,6.2542,0.5393,0.1497
inseason,satlas_8s2,thanjavur_paddy,400,19,13.9033,0.1942,16.69,0.389,16.2235,0.2218,0.3634,0.5016,0.186,0.4466,0.1834,0.37,0.1593,6.381,0.5608,0.1224
inseason,satlas_8s2,varanasi_ghats,400,17,14.7621,0.2727,17.0762,0.3866,17.4689,0.2908,0.3742,0.6103,0.1893,0.4315,0.2938,0.2747,0.1147,4.4832,0.2333,0.099
inseason,satlas_8s2,wayanad_forest,400,17,15.3512,0.1851,19.1756,0.496,20.902,0.2869,0.416,0.4128,0.1434,0.1476,0.0941,0.7583,0.2392,5.9523,0.5862,0.1246
inseason,sen2sr_lite,barmer_desert,400,17,17.5646,0.3397,18.8892,0.5377,18.0601,0.3831,0.5054,0.4882,0.268,0.2297,0.6188,0.1515,0.007,0.4167,0.0,0.0638
inseason,sen2sr_lite,hyderabad_charminar,400,15,16.7435,0.2835,17.699,0.6065,17.233,0.3701,0.5895,0.554,0.2584,0.2282,0.5778,0.194,0.0062,0.4186,0.0,0.0897
inseason,sen2sr_lite,lachung_sikkim,400,13,14.441,0.3571,23.3518,0.5072,22.1654,0.5281,0.4725,0.2631,0.1439,0.0991,0.1977,0.7032,0.0024,0.6371,0.0,0.234
inseason,sen2sr_lite,shillong_hills,400,19,16.1808,0.2857,19.6458,0.5388,19.5612,0.3956,0.5189,0.4866,0.322,0.1721,0.4613,0.3666,0.0044,0.8933,0.0021,0.1185
inseason,sen2sr_lite,thanjavur_paddy,400,19,17.5992,0.4673,19.9002,0.4263,20.1575,0.5072,0.4119,0.4899,0.4009,0.0734,0.3978,0.5288,0.0097,1.0476,0.0021,0.0649
inseason,sen2sr_lite,varanasi_ghats,400,17,17.8609,0.3513,20.5841,0.5202,19.7868,0.3957,0.5032,0.4176,0.2273,0.2289,0.4652,0.306,0.0043,0.4289,0.0,0.081
inseason,sen2sr_lite,wayanad_forest,400,17,18.1827,0.5517,26.0948,0.4098,26.3397,0.6568,0.3875,0.499,0.4388,0.0665,0.1497,0.7839,0.002,0.4499,0.0,0.1125
offseason,arcgis_B,barmer_desert,400,17,15.522,0.326,16.8708,0.2159,16.7013,0.3379,0.1988,0.6385,0.2658,0.359,0.3345,0.3065,0.0904,5.0766,0.1281,0.1318
offseason,arcgis_B,hyderabad_charminar,400,15,15.7038,0.3328,17.0398,0.2199,16.0701,0.3529,0.2001,0.6797,0.2824,0.366,0.3645,0.2696,0.053,2.4849,0.1923,0.1107
offseason,arcgis_B,lachung_sikkim,398,12,17.151,0.3133,20.4802,0.3144,21.7242,0.4086,0.2658,0.3861,0.1518,0.1263,0.1363,0.7374,0.1363,6.2947,0.0794,0.2179
offseason,arcgis_B,shillong_hills,400,19,17.3308,0.3414,18.3631,0.2208,17.9488,0.3465,0.2167,0.6093,0.2806,0.3673,0.3477,0.285,0.0769,5.3046,0.2028,0.0956
offseason,arcgis_B,thanjavur_paddy,400,19,18.7582,0.4805,19.6975,0.2176,18.9767,0.4602,0.2064,0.5951,0.446,0.2962,0.2389,0.4649,0.083,3.4063,0.2314,0.116
offseason,arcgis_B,varanasi_ghats,400,17,16.5555,0.4094,18.2756,0.2046,18.5707,0.4325,0.1947,0.6102,0.2729,0.2646,0.3078,0.4276,0.0735,5.5691,0.057,0.1063
offseason,arcgis_B,wayanad_forest,400,17,23.1473,0.5292,24.0251,0.2381,22.7798,0.4646,0.2171,0.467,0.3142,0.1112,0.1157,0.7732,0.1332,3.9583,0.229,0.1298
offseason,bicubic_8date,barmer_desert,400,17,15.4539,0.2928,17.8064,0.6477,16.8415,0.3171,0.6194,0.3821,0.2151,0.2804,0.5279,0.1917,0.0123,0.5511,0.0,0.0874
offseason,bicubic_8date,hyderabad_charminar,400,15,16.4714,0.2335,16.9328,0.7205,16.0144,0.2843,0.7069,0.4178,0.1748,0.3354,0.458,0.2066,0.0092,0.4218,0.0013,0.0864
offseason,bicubic_8date,lachung_sikkim,398,12,14.2991,0.3474,23.1558,0.5552,22.0542,0.5203,0.5195,0.2336,0.1257,0.1033,0.2081,0.6886,0.0051,1.1374,0.0033,0.2124
offseason,bicubic_8date,shillong_hills,400,19,17.6251,0.2708,19.0898,0.6278,18.4111,0.3271,0.6299,0.3669,0.2353,0.2448,0.632,0.1232,0.0086,1.086,0.0011,0.071
offseason,bicubic_8date,thanjavur_paddy,400,19,16.1269,0.3819,19.594,0.5906,18.5001,0.4287,0.5735,0.3716,0.3112,0.1465,0.5726,0.2809,0.0099,0.9479,0.0021,0.094
offseason,bicubic_8date,varanasi_ghats,400,17,16.894,0.3301,19.2319,0.6288,18.5727,0.3807,0.6046,0.3299,0.1696,0.2434,0.4139,0.3427,0.0083,0.6138,0.0024,0.0845
offseason,bicubic_8date,wayanad_forest,400,17,16.5436,0.4749,23.9407,0.5023,23.3206,0.5899,0.4781,0.3491,0.3032,0.0688,0.1665,0.7648,0.0052,0.9673,0.0028,0.1297
offseason,s2colour,barmer_desert,400,17,14.7999,0.316,17.145,0.2331,16.6339,0.3238,0.2132,0.6263,0.26,0.3212,0.4042,0.2746,0.0318,0.9049,0.0925,0.1133
offseason,s2colour,hyderabad_charminar,400,15,16.6311,0.357,17.1395,0.2293,16.3048,0.3678,0.2068,0.6773,0.2959,0.3568,0.3821,0.2611,0.0204,0.4597,0.0774,0.1039
offseason,s2colour,lachung_sikkim,398,12,14.0172,0.2468,21.6951,0.3399,21.1541,0.3569,0.2904,0.393,0.137,0.1453,0.1542,0.7006,0.0151,2.0269,0.0448,0.2129
offseason,s2colour,shillong_hills,400,19,17.0697,0.3062,18.7663,0.2175,17.601,0.3113,0.2079,0.6187,0.2678,0.3429,0.4265,0.2306,0.0245,1.513,0.1564,0.0905
offseason,s2colour,thanjavur_paddy,400,19,16.2291,0.4365,19.5485,0.238,18.7966,0.4452,0.214,0.5816,0.427,0.1969,0.3987,0.4044,0.0184,1.0658,0.1678,0.1006
offseason,s2colour,varanasi_ghats,400,17,16.3696,0.3879,18.5899,0.2171,18.3373,0.407,0.199,0.592,0.2534,0.2532,0.3656,0.3811,0.0254,0.8803,0.0528,0.0986
offseason,s2colour,wayanad_forest,400,17,16.5012,0.4276,23.7056,0.2654,22.7843,0.4598,0.2347,0.4737,0.3221,0.0919,0.1408,0.7673,0.0082,1.1511,0.1714,0.129
offseason,satlas_8s2,barmer_desert,400,17,11.9459,0.1138,15.4815,0.3911,14.4509,0.1263,0.375,0.537,0.0817,0.4122,0.3321,0.2558,0.1214,4.8733,0.4335,0.1433
offseason,satlas_8s2,hyderabad_charminar,400,15,12.2992,0.1222,14.2632,0.3879,13.9157,0.1295,0.3831,0.5855,0.0712,0.3945,0.3794,0.226,0.0952,3.1761,0.5376,0.1133
offseason,satlas_8s2,lachung_sikkim,398,12,13.304,0.1655,18.8604,0.5159,19.8711,0.2395,0.4552,0.3304,0.0619,0.1851,0.1148,0.7001,0.3031,7.2502,0.4626,0.219
offseason,satlas_8s2,shillong_hills,400,19,12.5852,0.1671,16.7586,0.403,15.9732,0.1857,0.3817,0.5498,0.1409,0.4809,0.2583,0.2608,0.2116,5.0042,0.5471,0.1203
offseason,satlas_8s2,thanjavur_paddy,400,19,14.6874,0.1825,16.3707,0.4173,15.9745,0.1951,0.4041,0.493,0.1664,0.4186,0.2038,0.3776,0.1519,6.1808,0.5654,0.1306
offseason,satlas_8s2,varanasi_ghats,400,17,12.4707,0.2124,16.4729,0.4195,16.6193,0.2395,0.4025,0.5118,0.0923,0.3223,0.2936,0.3841,0.1339,4.8758,0.3778,0.1174
offseason,satlas_8s2,wayanad_forest,400,17,16.332,0.1951,19.1138,0.5014,20.4586,0.2766,0.4399,0.391,0.1368,0.157,0.1238,0.7192,0.219,7.0551,0.6068,0.1292
