model,predictor,decile,predictor_mean,error_mean,share_worst10pct
arcgis_B,sigma,1,1.1425,16.4235,0.0619
arcgis_B,sigma,2,2.1463,16.638,0.0642
arcgis_B,sigma,3,3.0668,16.8745,0.0655
arcgis_B,sigma,4,4.1528,17.3685,0.0702
arcgis_B,sigma,5,5.5092,17.8547,0.0752
arcgis_B,sigma,6,7.2131,18.5814,0.0814
arcgis_B,sigma,7,9.4408,19.7965,0.0941
arcgis_B,sigma,8,12.592,21.6691,0.1139
arcgis_B,sigma,9,17.8908,24.6604,0.1491
arcgis_B,sigma,10,33.513,30.1633,0.2217
arcgis_B,gradient,1,6.5823,12.3668,0.0313
arcgis_B,gradient,2,16.1451,13.5686,0.0321
arcgis_B,gradient,3,26.4989,14.3393,0.0385
arcgis_B,gradient,4,38.4827,15.6076,0.0481
arcgis_B,gradient,5,53.305,17.5455,0.0651
arcgis_B,gradient,6,72.5151,19.5633,0.0844
arcgis_B,gradient,7,98.0087,21.7753,0.1096
arcgis_B,gradient,8,133.0905,24.262,0.1398
arcgis_B,gradient,9,187.2783,27.3431,0.1803
arcgis_B,gradient,10,316.1017,33.6571,0.268
arcgis_B,added,1,4.7516,18.4674,0.0804
arcgis_B,added,2,8.4042,18.6337,0.0782
arcgis_B,added,3,12.2853,19.153,0.0855
arcgis_B,added,4,17.0593,19.4323,0.0863
arcgis_B,added,5,22.5776,19.3094,0.0845
arcgis_B,added,6,28.3499,18.3296,0.0763
arcgis_B,added,7,34.1524,16.9556,0.0711
arcgis_B,added,8,40.1644,16.5749,0.0724
arcgis_B,added,9,48.3227,20.6495,0.109
arcgis_B,added,10,72.2425,32.5245,0.2537
s2colour,sigma,1,1.0056,15.6842,0.0517
s2colour,sigma,2,1.9693,16.569,0.056
s2colour,sigma,3,2.8032,17.3938,0.0632
s2colour,sigma,4,3.7178,18.1506,0.0704
s2colour,sigma,5,4.7983,18.6546,0.0756
s2colour,sigma,6,6.1573,19.4381,0.0835
s2colour,sigma,7,7.9845,20.9671,0.0973
s2colour,sigma,8,10.6849,23.0998,0.119
s2colour,sigma,9,15.3426,26.1217,0.1534
s2colour,sigma,10,29.0572,31.5409,0.2238
s2colour,gradient,1,7.3314,12.7233,0.0298
s2colour,gradient,2,16.2933,13.7822,0.0308
s2colour,gradient,3,25.3718,14.7899,0.0373
s2colour,gradient,4,35.8736,16.0937,0.0463
s2colour,gradient,5,48.8535,18.2347,0.0645
s2colour,gradient,6,65.7651,20.3036,0.0831
s2colour,gradient,7,88.4759,22.7779,0.1102
s2colour,gradient,8,120.4037,25.4493,0.1415
s2colour,gradient,9,169.6102,28.6414,0.1828
s2colour,gradient,10,285.7729,34.8197,0.2674
s2colour,added,1,0.8499,12.5674,0.0282
s2colour,added,2,1.9542,14.3071,0.0362
s2colour,added,3,3.2053,15.2486,0.042
s2colour,added,4,4.7557,16.1011,0.0462
s2colour,added,5,6.7441,17.4385,0.0539
s2colour,added,6,9.3503,19.177,0.0653
s2colour,added,7,12.9218,21.4338,0.0887
s2colour,added,8,18.1172,24.1671,0.1244
s2colour,added,9,26.3515,27.8867,0.1807
s2colour,added,10,46.7603,39.2928,0.3282
