iter,epoch,lr,sec_per_iter,l_g_pix,l_g_percep,l_g_gan,l_d_real,out_d_real,l_d_fake,out_d_fake
200,0,5e-05,0.5974,0.07179,7.973933,0.113077,0.257877,1.796177,0.51832,-0.61239
400,0,5e-05,0.4138,0.096246,8.834214,0.156573,0.179068,3.203397,0.479677,-1.084832
600,0,5e-05,0.4168,0.086362,8.323068,0.25284,0.47477,2.233502,0.195851,-2.325839
800,0,5e-05,0.4129,0.082048,8.653284,0.204893,0.433345,2.254124,0.283504,-1.764783
1000,0,5e-05,0.3995,0.080448,8.012966,0.195716,0.370878,2.021155,0.259432,-1.696257
1200,0,5e-05,0.4005,0.086625,8.710298,0.190984,0.359576,3.853971,0.535072,-1.37314
1400,0,5e-05,0.4004,0.095154,9.23587,0.28763,0.48052,2.351482,0.165161,-2.704892
1600,0,5e-05,0.4006,0.090051,8.484072,0.329223,0.508519,2.343102,0.129956,-3.160267
1800,0,5e-05,0.4016,0.102185,9.381714,0.221626,0.234866,3.223295,0.255405,-1.957817
2000,0,5e-05,0.4021,0.081078,8.3291,0.250175,0.214392,3.363918,0.233745,-2.265582
2200,0,5e-05,0.4014,0.104964,9.250132,0.158244,0.101738,5.130318,0.662754,-0.914575
2400,0,5e-05,0.4028,0.086706,7.953818,0.20917,0.190489,3.439574,0.374097,-1.714038
2200,0,5e-05,0.6167,0.063162,7.594504,0.180409,0.220683,3.100453,0.434036,-1.364386
2400,0,5e-05,0.4334,0.088645,8.587393,0.16348,0.194179,3.123227,0.416746,-1.217565
2600,0,5e-05,0.4322,0.085057,8.104474,0.271702,0.301814,2.826154,0.395233,-2.316665
2800,0,5e-05,0.4337,0.082127,8.605349,0.225583,0.136414,4.276061,0.305715,-1.947171
3000,0,5e-05,0.432,0.078439,8.004986,0.196954,0.146837,3.293009,0.259667,-1.70767
3200,0,5e-05,0.43,0.086988,8.667889,0.17285,0.161999,3.494602,0.458715,-1.267015
3400,0,5e-05,0.4306,0.090557,9.152989,0.22637,0.192401,4.237252,0.356617,-1.902151
3600,0,5e-05,0.4326,0.088362,8.377712,0.303885,0.45307,2.204387,0.185636,-2.846431
3800,0,5e-05,0.4277,0.093263,9.0972,0.357988,0.446047,2.438553,0.121531,-3.450423
4000,0,5e-05,0.4263,0.08674,8.277406,0.274422,0.241842,3.25591,0.20158,-2.538954
4200,0,5e-05,0.4276,0.101556,9.232862,0.185426,0.155833,3.224128,0.473787,-1.379446
4400,0,5e-05,0.4278,0.083615,7.894928,0.284922,0.265518,2.512966,0.141913,-2.702291
4600,0,5e-05,0.4278,0.087814,8.901702,0.218214,0.154106,3.717379,0.337104,-1.840021
4800,0,5e-05,0.4293,0.08368,7.895653,0.247763,0.174225,3.902691,0.25412,-2.216742
5000,0,5e-05,0.4297,0.081542,8.472733,0.295472,0.13654,3.810555,0.169171,-2.777308
5200,0,5e-05,0.4272,0.088382,8.51189,0.204925,0.261255,2.798243,0.342246,-1.702214
5400,0,5e-05,0.4266,0.103898,9.602098,0.390694,0.457027,2.39375,0.07111,-3.823717
5600,0,5e-05,0.4282,0.077414,8.360756,0.234669,0.370442,2.578133,0.30028,-2.040445
5800,0,5e-05,0.4321,0.079525,8.192974,0.217293,0.22152,3.608543,0.537168,-1.63023
6000,0,5e-05,0.4285,0.079428,7.541843,0.303339,0.342367,2.529325,0.184249,-2.843706
6200,0,5e-05,0.4297,0.101166,9.192358,0.352311,0.314988,2.549013,0.10259,-3.408127
6400,0,5e-05,0.4306,0.070541,7.799531,0.392668,0.724925,1.109093,0.056353,-3.863969
6600,0,5e-05,0.4304,0.094475,8.238118,0.32044,0.649891,1.250809,0.095368,-3.100942
6800,0,5e-05,0.429,0.097409,8.891139,0.235424,0.115005,3.874185,0.342361,-2.007114
7000,0,5e-05,0.4271,0.08537,8.032238,0.316085,0.29338,2.691623,0.121905,-3.034665
7200,0,5e-05,0.4273,0.09479,8.669998,0.264615,0.283532,2.787643,0.20339,-2.441213
7400,0,5e-05,0.4271,0.07927,8.086741,0.226813,0.14949,3.28864,0.368537,-1.896345
7600,0,5e-05,0.4273,0.094231,8.883751,0.171153,0.100172,3.892377,0.464617,-1.245095
7800,0,5e-05,0.4282,0.088819,8.495309,0.309844,0.259771,2.702407,0.154237,-2.941731
8000,0,5e-05,0.4279,0.09594,8.947816,0.395585,0.520221,2.145582,0.068087,-3.881024
8200,0,5e-05,0.4277,0.071267,8.093389,0.308068,0.364596,2.06299,0.120988,-2.953652
8400,0,5e-05,0.4291,0.094622,9.121568,0.341819,0.2454,3.293428,0.125178,-3.288605
8600,0,5e-05,0.4343,0.11165,9.409863,0.289015,0.260545,2.926488,0.177108,-2.709418
8800,0,5e-05,0.4306,0.07082,8.001048,0.280497,0.221645,3.416814,0.245469,-2.552398
9000,0,5e-05,0.4317,0.074795,8.310905,0.307178,0.383486,2.300661,0.148071,-2.909992
9200,0,5e-05,0.4313,0.066995,7.721007,0.248231,0.208532,3.769767,0.308976,-2.167209
9400,0,5e-05,0.4314,0.089373,8.78538,0.263657,0.343223,2.183053,0.214202,-2.414658
9600,0,5e-05,0.4323,0.095942,8.989458,0.40446,0.508327,2.040191,0.079228,-3.95817
9800,0,5e-05,0.4325,0.098015,9.080588,0.290324,0.177038,3.866854,0.211573,-2.68933
10000,0,5e-05,0.4331,0.089358,8.749209,0.347334,0.243245,3.558102,0.122912,-3.3446
10200,0,5e-05,0.4329,0.105144,9.514565,0.349549,0.15553,4.674217,0.279408,-3.210199
10400,0,5e-05,0.4321,0.094304,9.389051,0.252896,0.204496,3.530836,0.278553,-2.247297
10600,0,5e-05,0.4321,0.094182,8.645308,0.207533,0.165062,3.738384,0.369564,-1.700643
10800,1,5e-05,0.565,0.087549,8.782303,0.158357,0.053623,5.371021,0.72617,-0.84803
11000,1,5e-05,0.4295,0.071301,7.748755,0.314407,0.301851,2.528236,0.155639,-2.982207
11200,1,5e-05,0.4291,0.091209,9.022095,0.312083,0.324147,2.537979,0.140337,-2.969755
11400,1,5e-05,0.4293,0.097998,8.949433,0.36503,0.418422,2.831816,0.146547,-3.498852
11600,1,5e-05,0.4307,0.074841,7.658237,0.294703,0.251257,3.957549,0.275982,-2.663639
11800,1,5e-05,0.4279,0.099411,9.498142,0.193719,0.087513,4.542771,0.460622,-1.472261
12000,1,5e-05,0.426,0.086261,8.43538,0.272662,0.407289,2.064928,0.247233,-2.475318
12200,1,5e-05,0.426,0.091195,8.508408,0.331305,0.144316,3.842148,0.189932,-3.104595
12400,1,5e-05,0.4291,0.092988,8.721239,0.338651,0.277836,2.72843,0.117878,-3.250189
12600,1,5e-05,0.4286,0.085938,8.16792,0.270573,0.128829,3.941978,0.225616,-2.476199
12800,1,5e-05,0.4285,0.076713,7.65317,0.427871,0.519339,2.337509,0.109335,-4.158453
13000,1,5e-05,0.4328,0.101496,9.02884,0.285192,0.238872,2.776111,0.156872,-2.692714
13200,1,5e-05,0.4329,0.078276,8.220191,0.180378,0.084558,4.036223,0.511234,-1.290515
13400,1,5e-05,0.4346,0.086437,8.543983,0.387045,0.197098,3.869053,0.088491,-3.771748
13600,1,5e-05,0.4297,0.087742,8.937971,0.231626,0.16593,3.647975,0.459642,-1.853926
13800,1,5e-05,0.434,0.07537,7.656971,0.149991,0.146996,3.356827,0.526187,-0.969986
14000,1,5e-05,0.4334,0.07293,7.730412,0.316351,0.304369,2.277632,0.144283,-3.008235
14200,1,5e-05,0.4334,0.074615,8.079937,0.280009,0.115529,4.389032,0.394195,-2.39723
14400,1,5e-05,0.4302,0.093965,8.905958,0.25217,0.291506,2.549353,0.249744,-2.265192
14600,1,5e-05,0.4299,0.09157,9.366256,0.380533,0.450518,2.065389,0.071138,-3.724182
14800,1,5e-05,0.4305,0.070699,7.590887,0.321928,0.221228,4.05206,0.186743,-3.025511
15000,1,5e-05,0.4305,0.089829,8.493919,0.35028,0.324343,2.973236,0.160846,-3.337101
15200,1,5e-05,0.4301,0.087084,8.212709,0.261983,0.129588,3.909091,0.299386,-2.317482
15400,1,5e-05,0.4304,0.094415,8.568767,0.329446,0.253992,3.468878,0.229898,-3.060762
15600,1,5e-05,0.4304,0.077132,8.420076,0.236364,0.198501,3.207348,0.327862,-2.028654
15800,1,5e-05,0.4317,0.091489,8.761657,0.317871,0.179537,3.503883,0.191887,-2.980928
16000,1,5e-05,0.4319,0.081237,8.397008,0.274755,0.170778,3.550924,0.27661,-2.466115
16200,1,5e-05,0.4341,0.10179,8.502132,0.153901,0.106415,3.802264,0.714019,-0.823326
16400,1,5e-05,0.4308,0.090847,8.740864,0.24034,0.156967,3.70078,0.560753,-1.836822
16600,1,5e-05,0.4301,0.081199,8.164457,0.345679,0.137047,3.937004,0.151129,-3.302402
16800,1,5e-05,0.4311,0.080786,8.115541,0.347534,0.23073,3.400705,0.156026,-3.309905
17000,1,5e-05,0.4308,0.080337,8.272787,0.412537,0.258272,3.126687,0.118699,-4.001863
17200,1,5e-05,0.4314,0.091657,8.914662,0.261929,0.152961,3.380075,0.26603,-2.349873
17400,1,5e-05,0.4314,0.074808,8.182103,0.320085,0.174098,3.513372,0.170213,-3.024131
17600,1,5e-05,0.4303,0.086877,8.301716,0.360482,0.106865,4.739471,0.14861,-3.44421
17800,1,5e-05,0.4306,0.073008,7.41873,0.196282,0.104589,4.462648,0.417545,-1.541252
18000,1,5e-05,0.4297,0.077975,8.03924,0.383348,0.242941,3.434488,0.103165,-3.714622
18200,1,5e-05,0.4304,0.091755,8.335193,0.363171,0.237666,4.396513,0.186287,-3.429983
18400,1,5e-05,0.4256,0.111624,9.756744,0.250544,0.322274,2.284096,0.214886,-2.286884
18600,1,5e-05,0.4241,0.084305,8.23645,0.234411,0.26859,3.29505,0.295824,-2.041288
18800,1,5e-05,0.4254,0.055704,7.620895,0.259262,0.105321,4.422771,0.329673,-2.255911
19000,1,5e-05,0.425,0.082994,8.727534,0.394269,0.193462,4.328641,0.141155,-3.791935
19200,1,5e-05,0.4242,0.094011,9.374166,0.428003,0.276132,3.621936,0.081795,-4.194673
19400,2,2.5e-05,0.5965,0.076237,8.407333,0.387435,0.230957,3.605264,0.152779,-3.71514
19600,2,2.5e-05,0.4242,0.101839,9.417743,0.394555,0.351934,2.620735,0.075105,-3.863794
19800,2,2.5e-05,0.4249,0.07422,7.817959,0.446782,0.640867,1.702907,0.057595,-4.406735
20000,2,2.5e-05,0.427,0.074933,7.689359,0.38103,0.231224,3.628609,0.10518,-3.699329
20200,2,2.5e-05,0.4273,0.083782,8.752724,0.315495,0.135256,4.276032,0.234535,-2.915397
20400,2,2.5e-05,0.4269,0.082274,8.302778,0.341912,0.111902,4.303351,0.190985,-3.222244
20600,2,2.5e-05,0.4269,0.081535,7.941195,0.323301,0.135952,4.324768,0.19272,-3.036067
20800,2,2.5e-05,0.428,0.0651,7.25602,0.317282,0.120511,4.527317,0.228895,-2.938946
21000,2,2.5e-05,0.4283,0.073885,7.962231,0.39341,0.225807,3.350058,0.079651,-3.850457
21200,2,2.5e-05,0.4278,0.096191,9.390159,0.335245,0.160976,3.671256,0.210845,-3.136283
21400,2,2.5e-05,0.427,0.097448,9.12583,0.275592,0.168875,3.960605,0.271172,-2.481055
21600,2,2.5e-05,0.4275,0.075758,8.417884,0.369708,0.15489,3.873221,0.147101,-3.539779
21800,2,2.5e-05,0.4269,0.074065,8.255326,0.330359,0.137242,4.142444,0.17943,-3.117002
22000,2,2.5e-05,0.4242,0.075811,8.562026,0.279177,0.126568,4.614023,0.306039,-2.478846
22200,2,2.5e-05,0.425,0.09915,9.250392,0.344791,0.079582,4.790747,0.146004,-3.299109
22400,2,2.5e-05,0.425,0.076811,8.156278,0.479177,0.215335,3.753706,0.081808,-4.702874
22600,2,2.5e-05,0.4247,0.103859,9.124471,0.337285,0.221796,3.42783,0.192265,-3.17726
22800,2,2.5e-05,0.4248,0.088919,8.955715,0.339555,0.325892,2.95831,0.181765,-3.208255
23000,2,2.5e-05,0.4254,0.081193,8.554369,0.329782,0.122986,5.102058,0.328876,-2.966719
23200,2,2.5e-05,0.4252,0.065448,7.714561,0.360862,0.140423,4.152538,0.161707,-3.44366
23400,2,2.5e-05,0.4245,0.08362,8.071418,0.363416,0.144118,4.190558,0.188768,-3.436563
23600,2,2.5e-05,0.4244,0.070435,8.056037,0.400457,0.160001,4.708642,0.131485,-3.868093
23800,2,2.5e-05,0.4246,0.085991,8.488389,0.315907,0.07491,4.72719,0.265536,-2.889941
24000,2,2.5e-05,0.428,0.102598,9.433113,0.376768,0.191619,4.13405,0.118444,-3.645413
